review,rating,date,bank,source,sentiment_score,sentiment
really am happy to this app it is Siple to use everything,5,6/7/2025,Commercial Bank of Ethiopia,Google Play,0.6096,Positive
I liked this app. But the User interface is very basic and not attractive at all.,2,6/7/2025,Commercial Bank of Ethiopia,Google Play,-0.298,Negative
"""Why don‚??t your ATMs support account-to-account transfers like other countries( Kenya, Nigeria , South africa)""",4,6/6/2025,Commercial Bank of Ethiopia,Google Play,0.6369,Positive
what is this app problem???,1,6/5/2025,Commercial Bank of Ethiopia,Google Play,-0.5007,Negative
the app is proactive and a good connections.,5,6/5/2025,Commercial Bank of Ethiopia,Google Play,0.6908,Positive
I cannot send to cbebirr app. through this app.,3,6/5/2025,Commercial Bank of Ethiopia,Google Play,0,Neutral
good,4,6/5/2025,Commercial Bank of Ethiopia,Google Play,0.4404,Positive
not functional,1,6/5/2025,Commercial Bank of Ethiopia,Google Play,0,Neutral
"everytime you uninstall the app you have to reach them out physically. very oldy! if that's one of security layer, they'd check for fraud attempt via app source directly(source:- app store, play store ... etc) implicitly ! we are in 2025, physical presence for every app install is traditional(traditionally very rare).",1,6/4/2025,Commercial Bank of Ethiopia,Google Play,0.1739,Positive
·?†·?´·?ç·??·?µ ·?®·?ù·??·?µ·??·?£·?†·?µ ·?¶·?≥ ·?µ·?ù ·?Ω·ç?·?? ·?ê·?ç ·?®·??·?? ·?†·ç?·?µ ·?®·??·?≠·??·?£·?∏·?ç·?? ·?†·?´·??·??·?∂·?Ω ·?®·?ù·??·ç?·?ç·??·?? ·?ê·??·?≠ ·?ç·?? ·?†·?≤·?µ ·?†·?´·?ç·??·?∂·?Ω mr ·?•·??·?? ·?®·??·??·?ù·?© ·?†·?ù·?∞·??·?ç ·?ç·?? ·?†·ç?·?ç·?¨·?Ω·?? space ·?µ·??·?Ω·çç ·?†·?≠·??·?†·?ç·?ù ·?¢·?µ·?∞·?´·?®·?ç,4,6/4/2025,Commercial Bank of Ethiopia,Google Play,0,Neutral
best,5,6/4/2025,Commercial Bank of Ethiopia,Google Play,0.6369,Positive
bezabih,5,6/4/2025,Commercial Bank of Ethiopia,Google Play,0,Neutral
Best Mobile Banking app ever,5,6/4/2025,Commercial Bank of Ethiopia,Google Play,0.6369,Positive
it was good app but it have some issues like it doesnt give me the right amount that I have in the bank and have some issues in transferring,2,6/4/2025,Commercial Bank of Ethiopia,Google Play,0.6369,Positive
Good,5,6/4/2025,Commercial Bank of Ethiopia,Google Play,0.4404,Positive
?????ç,5,6/4/2025,Commercial Bank of Ethiopia,Google Play,0.7297,Positive
very niec,5,6/4/2025,Commercial Bank of Ethiopia,Google Play,0,Neutral
best app of finance,5,6/4/2025,Commercial Bank of Ethiopia,Google Play,0.6369,Positive
yetemeta,1,6/3/2025,Commercial Bank of Ethiopia,Google Play,0,Neutral
Engida Kebede Fetera,5,6/3/2025,Commercial Bank of Ethiopia,Google Play,0,Neutral
it is not safety,1,6/3/2025,Commercial Bank of Ethiopia,Google Play,-0.3252,Negative
NICE bank,5,6/3/2025,Commercial Bank of Ethiopia,Google Play,0.5473,Positive
it is like a childish app make it better the worst I have ever seen,1,6/2/2025,Commercial Bank of Ethiopia,Google Play,-0.2263,Negative
"It's a problem solver application, go ahead CBE, I love so much.",5,6/2/2025,Commercial Bank of Ethiopia,Google Play,0.3612,Positive
It's good but try to make it facilitate for your client,4,6/2/2025,Commercial Bank of Ethiopia,Google Play,0.2382,Positive
best app,5,6/1/2025,Commercial Bank of Ethiopia,Google Play,0.6369,Positive
Awesome bank,5,6/1/2025,Commercial Bank of Ethiopia,Google Play,0.6249,Positive
this app has developed in a very good ways but there are some comments I need to make 1- preventing the screenshot likely not good for someone like me coz I need to make screenshot for quicker evidence. 2-it would be good if you make us to access recent transaction histories for 30 days coz we don't have to go to the Bank's in person to see old transactions or add colander category so user can easily access old transactions through colanders.,5,5/31/2025,Commercial Bank of Ethiopia,Google Play,0.8567,Positive
Masha alla,5,5/31/2025,Commercial Bank of Ethiopia,Google Play,0,Neutral
"Recently there is big problem when sending to safaricom, telebir, and even to cbebirr wallet could anybody who is responsible fix it, it's very frustrating it's been 5 days and my money hasn't been returned it takes it out of my account but doesn't send it to my mpesa update- they have just corrected it and sent me back the money but still I'm afraid now to send again",2,5/31/2025,Commercial Bank of Ethiopia,Google Play,-0.3174,Negative
better service,5,5/31/2025,Commercial Bank of Ethiopia,Google Play,0.4404,Positive
"it,s good app and time manager ??ç",5,5/30/2025,Commercial Bank of Ethiopia,Google Play,0.4404,Positive
malkaamuu Jiidhaa Namoo,5,5/30/2025,Commercial Bank of Ethiopia,Google Play,0,Neutral
lower system everything,3,5/30/2025,Commercial Bank of Ethiopia,Google Play,-0.296,Negative
Nice!,5,5/30/2025,Commercial Bank of Ethiopia,Google Play,0.4753,Positive
Keep it up My CBE,5,5/29/2025,Commercial Bank of Ethiopia,Google Play,0,Neutral
yes good,5,5/28/2025,Commercial Bank of Ethiopia,Google Play,0.6808,Positive
I was using this app for the last two years with no problems. It stopped working about 3 months ago. when I tried to transfer funds it gives me error "can't do this transaction. inactive account.",4,5/27/2025,Commercial Bank of Ethiopia,Google Play,-0.3274,Negative
i like everything of this app,5,5/27/2025,Commercial Bank of Ethiopia,Google Play,0.3612,Positive
?§¨?§¨?§¨?§¨ network ???,1,5/26/2025,Commercial Bank of Ethiopia,Google Play,0,Neutral
Best,5,5/26/2025,Commercial Bank of Ethiopia,Google Play,0.6369,Positive
CBE is the best financial application and and very dimple to use. I would like to say thank you so much for the developer of application. I really appreciate this app.,5,5/26/2025,Commercial Bank of Ethiopia,Google Play,0.9041,Positive
nice,5,5/26/2025,Commercial Bank of Ethiopia,Google Play,0.4215,Positive
good job,5,5/26/2025,Commercial Bank of Ethiopia,Google Play,0.4404,Positive
it's awesome!!,5,5/25/2025,Commercial Bank of Ethiopia,Google Play,0.6892,Positive
thankyou every one,5,5/25/2025,Commercial Bank of Ethiopia,Google Play,0,Neutral
Ronaldo ??µ??π ?•?,5,5/25/2025,Commercial Bank of Ethiopia,Google Play,0.4767,Positive
"this app is absolutely fantastic I love it and I enjoying to it ,let us support this foundation together .",5,5/25/2025,Commercial Bank of Ethiopia,Google Play,0.9377,Positive
"The CBE app has been highly unreliable in recent weeks. It frequently fails to work properly on both Ethio Telecom and Safaricom networks, whether using Wi-Fi or mobile data. This week, the system was down entirely for extended periods, making it very difficult to access banking services. The app only functions intermittently, and the lack of consistency is frustrating. I hope the issues are addressed soon, and that any non-technical influences are removed from such essential services.",2,5/25/2025,Commercial Bank of Ethiopia,Google Play,-0.7841,Negative
mortuary app,5,5/25/2025,Commercial Bank of Ethiopia,Google Play,0,Neutral
it is smart app but it has stoped after some period of time on my device with out any reason .,5,5/25/2025,Commercial Bank of Ethiopia,Google Play,0.2144,Positive
amazing app I am used this app for one year,4,5/24/2025,Commercial Bank of Ethiopia,Google Play,0.5859,Positive
??ç,5,5/24/2025,Commercial Bank of Ethiopia,Google Play,0,Neutral
good app,5,5/24/2025,Commercial Bank of Ethiopia,Google Play,0.4404,Positive
i love it ??ç???,5,5/24/2025,Commercial Bank of Ethiopia,Google Play,0.875,Positive
It makes life easy!???,5,5/24/2025,Commercial Bank of Ethiopia,Google Play,0.8528,Positive
its not fast,1,5/24/2025,Commercial Bank of Ethiopia,Google Play,0,Neutral
wow,4,5/24/2025,Commercial Bank of Ethiopia,Google Play,0.5859,Positive
it is sooo good,5,5/24/2025,Commercial Bank of Ethiopia,Google Play,0.4404,Positive
excellent,5,5/24/2025,Commercial Bank of Ethiopia,Google Play,0.5719,Positive
ok,1,5/24/2025,Commercial Bank of Ethiopia,Google Play,0.296,Positive
Fantastic,5,5/23/2025,Commercial Bank of Ethiopia,Google Play,0.5574,Positive
accessible to using,5,5/23/2025,Commercial Bank of Ethiopia,Google Play,0,Neutral
I like it,4,5/23/2025,Commercial Bank of Ethiopia,Google Play,0.3612,Positive
why you change default network?,5,5/23/2025,Commercial Bank of Ethiopia,Google Play,0,Neutral
very nice ??ç,5,5/23/2025,Commercial Bank of Ethiopia,Google Play,0.4754,Positive
nice fast app,5,5/23/2025,Commercial Bank of Ethiopia,Google Play,0.4215,Positive
how to I get my money,5,5/23/2025,Commercial Bank of Ethiopia,Google Play,0,Neutral
"Very bad, can't even load they need to improve their services.",1,5/22/2025,Commercial Bank of Ethiopia,Google Play,-0.2247,Negative
"Very good app, but please make it reliable . it crashes sometimes .",4,5/22/2025,Commercial Bank of Ethiopia,Google Play,0.6183,Positive
very busy I don't know why... I prefer 889,3,5/22/2025,Commercial Bank of Ethiopia,Google Play,0,Neutral
"Sometimes it has a nasty lag for several hour fix that , the rest is ???",4,5/22/2025,Commercial Bank of Ethiopia,Google Play,0.0343,Neutral
the most boring Mobil banking application in ethiopia.Please use alternative private banks mobile banking apps,1,5/22/2025,Commercial Bank of Ethiopia,Google Play,-0.3804,Negative
hojii bonsaadha,5,5/22/2025,Commercial Bank of Ethiopia,Google Play,0,Neutral
user-friendly apps.because this app is easy.,5,5/22/2025,Commercial Bank of Ethiopia,Google Play,0.4404,Positive
Awosome!!!,5,5/22/2025,Commercial Bank of Ethiopia,Google Play,0,Neutral
"Very good app,",5,5/22/2025,Commercial Bank of Ethiopia,Google Play,0.4927,Positive
sync problem may 22 2025 but the date stack on may 8 2025 help pls,5,5/22/2025,Commercial Bank of Ethiopia,Google Play,0.4854,Positive
·?≠·?? ·??·?∞·?ç·?†·?™·?´ ·?†·?£·?ù ·?•·?© ·?ê·?ç. this app is very nice,5,5/22/2025,Commercial Bank of Ethiopia,Google Play,0.4754,Positive
I hate this app ???,1,5/22/2025,Commercial Bank of Ethiopia,Google Play,-0.5719,Negative
trustful,5,5/22/2025,Commercial Bank of Ethiopia,Google Play,0.4767,Positive
I like,5,5/22/2025,Commercial Bank of Ethiopia,Google Play,0.3612,Positive
update issue,4,5/22/2025,Commercial Bank of Ethiopia,Google Play,0,Neutral
its not working over safari network,1,5/22/2025,Commercial Bank of Ethiopia,Google Play,0,Neutral
oldie,1,5/22/2025,Commercial Bank of Ethiopia,Google Play,0,Neutral
it doesn't work,1,5/21/2025,Commercial Bank of Ethiopia,Google Play,0,Neutral
"This app is good, and we are using it well",1,5/21/2025,Commercial Bank of Ethiopia,Google Play,0.6124,Positive
very nice ??? app for android phone,5,5/21/2025,Commercial Bank of Ethiopia,Google Play,0.8679,Positive
Yes Yes,5,5/21/2025,Commercial Bank of Ethiopia,Google Play,0.6597,Positive
·?†·?£·?ù ·?®·?≠·ç?·ç?,1,5/21/2025,Commercial Bank of Ethiopia,Google Play,0,Neutral
easy to use helpful in my life,5,5/21/2025,Commercial Bank of Ethiopia,Google Play,0.6908,Positive
good ??ç,4,5/21/2025,Commercial Bank of Ethiopia,Google Play,0.4404,Positive
the best mobile banking app,5,5/21/2025,Commercial Bank of Ethiopia,Google Play,0.6369,Positive
"this app is very useful app,it saves time,and it is secure",4,5/21/2025,Commercial Bank of Ethiopia,Google Play,0.6801,Positive
it's a good application ??ç,5,5/21/2025,Commercial Bank of Ethiopia,Google Play,0.4404,Positive
the screenshot and the reffresh options are so annoying that makes transaction so delaying activity !,2,5/21/2025,Commercial Bank of Ethiopia,Google Play,-0.5836,Negative
poor service,1,5/21/2025,Commercial Bank of Ethiopia,Google Play,-0.4767,Negative
amazing,5,5/20/2025,Commercial Bank of Ethiopia,Google Play,0.5859,Positive
it is reliable and easy to use.,5,5/20/2025,Commercial Bank of Ethiopia,Google Play,0.4404,Positive
the most annoying mobile banking app I've ever seen,1,5/20/2025,Commercial Bank of Ethiopia,Google Play,-0.4576,Negative
Cbe mobile banking,5,5/20/2025,Commercial Bank of Ethiopia,Google Play,0,Neutral
"i can't make Screenshout in this app, please made modification",5,5/20/2025,Commercial Bank of Ethiopia,Google Play,0.3182,Positive
Best app I loved it,5,5/19/2025,Commercial Bank of Ethiopia,Google Play,0.8442,Positive
nice app,5,5/19/2025,Commercial Bank of Ethiopia,Google Play,0.4215,Positive
Amazing applicatiom sometimes doesnt work!,5,5/18/2025,Commercial Bank of Ethiopia,Google Play,0.6239,Positive
well satisfied with this beautiful app,5,5/18/2025,Commercial Bank of Ethiopia,Google Play,0.8316,Positive
very good,4,5/17/2025,Commercial Bank of Ethiopia,Google Play,0.4927,Positive
best app.,5,5/17/2025,Commercial Bank of Ethiopia,Google Play,0.6369,Positive
"not working,why???",5,5/17/2025,Commercial Bank of Ethiopia,Google Play,0,Neutral
Great impact but why Developer option turnoff if you fix ??è ??è ??è,5,5/17/2025,Commercial Bank of Ethiopia,Google Play,0.3716,Positive
always disappointing ! especially the iOS one !! some similar local applications are extremely superior to this application!! Really disappointing!,1,5/17/2025,Commercial Bank of Ethiopia,Google Play,-0.6209,Negative
woxe harimo ribiso,5,5/17/2025,Commercial Bank of Ethiopia,Google Play,0,Neutral
"Good ,easy to use",5,5/16/2025,Commercial Bank of Ethiopia,Google Play,0.7003,Positive
Good app,5,5/15/2025,Commercial Bank of Ethiopia,Google Play,0.4404,Positive
Good job??ç,5,5/14/2025,Commercial Bank of Ethiopia,Google Play,0.4404,Positive
"Please kindly ask to update the app and allow us to screenshot, it's convenient and efficient as long as you add security to the access there is no reason to block us from screenshooting our screen.",2,5/14/2025,Commercial Bank of Ethiopia,Google Play,0.7579,Positive
I have using the CBE mobile banking app. and overall i appreciate its Feuteres However i.ve Notticed that when i turn on the Developer options on my divice the App.Stop Functioning prorerly It.Would Be Great If You could look into This issue as l often need to access Developer setting for Otter Application ThankYou For Your attention to This Matter,4,5/13/2025,Commercial Bank of Ethiopia,Google Play,0.8728,Positive
customer service is bad nothing is good about this bank,1,5/13/2025,Commercial Bank of Ethiopia,Google Play,-0.7101,Negative
It is Amazing Mobile Banking App....But why the screenshot of the receipt doesnt work,5,5/13/2025,Commercial Bank of Ethiopia,Google Play,0.5859,Positive
fast and simple easy to use ???,5,5/12/2025,Commercial Bank of Ethiopia,Google Play,0.8415,Positive
The fastest transferring app I ever had its so reliable,5,5/11/2025,Commercial Bank of Ethiopia,Google Play,0,Neutral
"Funds transferred from the same bank do not reflect in the account, even though a confirmation text message was received.",3,5/11/2025,Commercial Bank of Ethiopia,Google Play,0,Neutral
it's easy and fast,5,5/10/2025,Commercial Bank of Ethiopia,Google Play,0.4404,Positive
This app don't have self activation only you have to look near cbe branch that's disgusting,1,5/10/2025,Commercial Bank of Ethiopia,Google Play,-0.5267,Negative
hello dearest CBE office personnel make some benefits for those using interest free accounts thanks for your help,5,5/9/2025,Commercial Bank of Ethiopia,Google Play,0.9524,Positive
wow best application ever,5,5/9/2025,Commercial Bank of Ethiopia,Google Play,0.8402,Positive
"Am sorry but what does developer mode do to the application ? hack it ? are you sure you are developer or are you stupid, doesnt makes sense,",1,5/8/2025,Commercial Bank of Ethiopia,Google Play,-0.4871,Negative
the pride of Ethiopian bank ?è¶,5,5/8/2025,Commercial Bank of Ethiopia,Google Play,0.34,Positive
why the app telling me to turn of developer options please fix it.,1,5/7/2025,Commercial Bank of Ethiopia,Google Play,0.3182,Positive
i am very happy . i have small prob. after i transfer i cant put the transfer cashe bil to my dic.,5,5/7/2025,Commercial Bank of Ethiopia,Google Play,0.6115,Positive
amazing apps,5,5/6/2025,Commercial Bank of Ethiopia,Google Play,0.5859,Positive
All service of Mobile Banking,5,5/6/2025,Commercial Bank of Ethiopia,Google Play,0,Neutral
needs improvement,1,5/6/2025,Commercial Bank of Ethiopia,Google Play,0.4588,Positive
i miss the old one i couldn't send my mony to other bank..,1,5/6/2025,Commercial Bank of Ethiopia,Google Play,-0.1531,Negative
the app is recently crushing each time you open and try to make transfers...it used to be good. take lessons from the Dashen Super app or ethiotelecom. it is not befitting of your experience and glory. inv3st in making it more friendly and convenient. I am considering leaving CBE for good.,2,5/6/2025,Commercial Bank of Ethiopia,Google Play,0.9348,Positive
good but these week not oky,4,5/6/2025,Commercial Bank of Ethiopia,Google Play,0.2382,Positive
well designed! Fixing bugs & two step verification with biometric... simply it's great!,5,5/6/2025,Commercial Bank of Ethiopia,Google Play,0.7772,Positive
If any developer is reading this please fix the screenshot functionality or at least the download button should work flawlessly without me touching it twenty times.,1,5/5/2025,Commercial Bank of Ethiopia,Google Play,0.5307,Positive
"it's a great job.but one more thing, it hasn't been placed for transfer to other banks on face like mobile charge card place",5,5/5/2025,Commercial Bank of Ethiopia,Google Play,0.765,Positive
CBE mobilr bankg,5,5/5/2025,Commercial Bank of Ethiopia,Google Play,0,Neutral
verygood,3,5/5/2025,Commercial Bank of Ethiopia,Google Play,0,Neutral
Ÿ?Ÿ?ÿ™ÿßÿ≤ ÿ¨ÿØÿß,5,5/4/2025,Commercial Bank of Ethiopia,Google Play,0,Neutral
it's very low quality application,1,5/4/2025,Commercial Bank of Ethiopia,Google Play,-0.3384,Negative
Very Amazing Apps,5,5/4/2025,Commercial Bank of Ethiopia,Google Play,0.624,Positive
·?†·??,1,5/4/2025,Commercial Bank of Ethiopia,Google Play,0,Neutral
wow simple life,5,5/4/2025,Commercial Bank of Ethiopia,Google Play,0.5859,Positive
it's nice,5,5/3/2025,Commercial Bank of Ethiopia,Google Play,0.4215,Positive
Why stacked sometimes,5,5/3/2025,Commercial Bank of Ethiopia,Google Play,0,Neutral
okay ??ç but sometimes busy,1,5/3/2025,Commercial Bank of Ethiopia,Google Play,0.1154,Positive
the worst commercial company that fails to do even the most normal things again and and again.,1,5/3/2025,Commercial Bank of Ethiopia,Google Play,-0.7845,Negative
Very good app. but disappointed by general cessation of system.,5,5/2/2025,Commercial Bank of Ethiopia,Google Play,-0.4684,Negative
Good and fast,5,5/2/2025,Commercial Bank of Ethiopia,Google Play,0.4404,Positive
Unreliable!,1,5/2/2025,Commercial Bank of Ethiopia,Google Play,0,Neutral
Best the best fast,5,5/2/2025,Commercial Bank of Ethiopia,Google Play,0.8555,Positive
happy,5,5/2/2025,Commercial Bank of Ethiopia,Google Play,0.5719,Positive
fast and reliable,5,5/2/2025,Commercial Bank of Ethiopia,Google Play,0,Neutral
network errorrrrrr,2,5/2/2025,Commercial Bank of Ethiopia,Google Play,0,Neutral
Best app but there is some problem I can't send money to telebirr or mpesa so if you can add that it could be use full,4,5/2/2025,Commercial Bank of Ethiopia,Google Play,-0.2382,Negative
its good and simple to use,5,5/2/2025,Commercial Bank of Ethiopia,Google Play,0.4404,Positive
worest app like that bank for security and network access,1,5/2/2025,Commercial Bank of Ethiopia,Google Play,0.5994,Positive
it's the best app i,5,5/2/2025,Commercial Bank of Ethiopia,Google Play,0.6369,Positive
not bad not good,1,5/2/2025,Commercial Bank of Ethiopia,Google Play,0.5981,Positive
its very nice,5,5/2/2025,Commercial Bank of Ethiopia,Google Play,0.4754,Positive
do not work this week,3,4/30/2025,Commercial Bank of Ethiopia,Google Play,0,Neutral
It crashes frequently,4,4/30/2025,Commercial Bank of Ethiopia,Google Play,0,Neutral
the best,5,4/28/2025,Commercial Bank of Ethiopia,Google Play,0.6369,Positive
I can simply describe this app as "Making all your work easier".,5,4/28/2025,Commercial Bank of Ethiopia,Google Play,0.4215,Positive
goid,5,4/28/2025,Commercial Bank of Ethiopia,Google Play,0,Neutral
best appearance,5,4/27/2025,Commercial Bank of Ethiopia,Google Play,0.6369,Positive
it's very good ??ç app,5,4/27/2025,Commercial Bank of Ethiopia,Google Play,0.4927,Positive
I need support you,5,4/27/2025,Commercial Bank of Ethiopia,Google Play,0.4019,Positive
the worst Mobile banking i have ever seen in my life,1,4/26/2025,Commercial Bank of Ethiopia,Google Play,-0.6249,Negative
super,5,4/26/2025,Commercial Bank of Ethiopia,Google Play,0.5994,Positive
·?†·??·?®·??·??·ç¢·??·??,5,4/26/2025,Commercial Bank of Ethiopia,Google Play,0,Neutral
i like the app,5,4/26/2025,Commercial Bank of Ethiopia,Google Play,0.3612,Positive
the Best,1,4/26/2025,Commercial Bank of Ethiopia,Google Play,0.6369,Positive
to other bank is bad,1,4/25/2025,Commercial Bank of Ethiopia,Google Play,-0.5423,Negative
tank's,5,4/25/2025,Commercial Bank of Ethiopia,Google Play,0,Neutral
its good but add more features such like. bank statement showing,5,4/24/2025,Commercial Bank of Ethiopia,Google Play,0.6804,Positive
it is so nice,5,4/24/2025,Commercial Bank of Ethiopia,Google Play,0.5598,Positive
Very Good??ç,5,4/21/2025,Commercial Bank of Ethiopia,Google Play,0.4927,Positive
"my first frequent experience of cbe app is critical-time failure such as suspending payment on air for 2-5 days with zero explanation, deducting from sender account without depositing to the receiver act. Another fatal error by the banking company as a whole (not the app itself though) is forced-banking with corporations without consent of employers-users of the corresponding corporations",2,4/21/2025,Commercial Bank of Ethiopia,Google Play,-0.8797,Negative
"wow, amazing app",5,4/21/2025,Commercial Bank of Ethiopia,Google Play,0.8225,Positive
use ful,5,4/21/2025,Commercial Bank of Ethiopia,Google Play,0,Neutral
Great app,5,4/21/2025,Commercial Bank of Ethiopia,Google Play,0.6249,Positive
well app,5,4/20/2025,Commercial Bank of Ethiopia,Google Play,0.2732,Positive
Actually it is inactive,4,4/19/2025,Commercial Bank of Ethiopia,Google Play,0,Neutral
"slow, only one account is used",2,4/19/2025,Commercial Bank of Ethiopia,Google Play,0,Neutral
always CBE is the leading Commercial Bank??™??™??™,5,4/18/2025,Commercial Bank of Ethiopia,Google Play,0,Neutral
i like it,5,4/18/2025,Commercial Bank of Ethiopia,Google Play,0.3612,Positive
why removing screenshot feature why?,1,4/18/2025,Commercial Bank of Ethiopia,Google Play,0,Neutral
nice apps where network is good in connection,5,4/18/2025,Commercial Bank of Ethiopia,Google Play,0.6908,Positive
Thank you!!!,5,4/18/2025,Commercial Bank of Ethiopia,Google Play,0.5229,Positive
i can't take screenshot,1,4/18/2025,Commercial Bank of Ethiopia,Google Play,0,Neutral
"every update was made the system better and better until the March 19th, 2025 update, not allowing us to screenshot. you guys didn't understand how much it's a really quick and significant thing. You add extra steps to us, which makes the process draw back",3,4/18/2025,Commercial Bank of Ethiopia,Google Play,0.7823,Positive
perfectly special,5,4/18/2025,Commercial Bank of Ethiopia,Google Play,0.7845,Positive
Fast and Reliable,5,4/18/2025,Commercial Bank of Ethiopia,Google Play,0,Neutral
The best application I have ever seen in Ethiopia banking industry.,5,4/17/2025,Commercial Bank of Ethiopia,Google Play,0.6369,Positive
great app!!!,5,4/17/2025,Commercial Bank of Ethiopia,Google Play,0.7163,Positive
because sometimes it doesn't working it load too much,3,4/17/2025,Commercial Bank of Ethiopia,Google Play,0,Neutral
"Absolutely the best app! It works flawlessly, anytime and anywhere.",5,4/17/2025,Commercial Bank of Ethiopia,Google Play,0.7629,Positive
very nice app ever!!!,5,4/16/2025,Commercial Bank of Ethiopia,Google Play,0.6084,Positive
the best app,5,4/16/2025,Commercial Bank of Ethiopia,Google Play,0.6369,Positive
Biometric security for mobile banking is not available,5,4/16/2025,Commercial Bank of Ethiopia,Google Play,0.34,Positive
great,5,4/15/2025,Commercial Bank of Ethiopia,Google Play,0.6249,Positive
Nice service,5,4/15/2025,Commercial Bank of Ethiopia,Google Play,0.4215,Positive
great app,5,4/15/2025,Commercial Bank of Ethiopia,Google Play,0.6249,Positive
it's special apps,5,4/15/2025,Commercial Bank of Ethiopia,Google Play,0.4019,Positive
"In the updated version of the app, it takes more time to download the receipt.",3,4/15/2025,Commercial Bank of Ethiopia,Google Play,0,Neutral
·??·?ù·??·?µ·?ê·?ç ·?µ·?´·??·??·?≠·?Ω·?? ·?µ·??·?Ω ·?•·?ª ·?®·??·?´·?≥·?®·?ç ?,3,4/14/2025,Commercial Bank of Ethiopia,Google Play,0,Neutral
Good ??•,5,4/14/2025,Commercial Bank of Ethiopia,Google Play,0.128,Positive
very interesting app i am using every day fantastic,5,4/14/2025,Commercial Bank of Ethiopia,Google Play,0.7645,Positive
lebaa bank,5,4/14/2025,Commercial Bank of Ethiopia,Google Play,0,Neutral
Can't scan/recognize other banks' Interoperable QR Codes,1,4/13/2025,Commercial Bank of Ethiopia,Google Play,0,Neutral
OK,5,4/13/2025,Commercial Bank of Ethiopia,Google Play,0.296,Positive
grateful app,5,4/13/2025,Commercial Bank of Ethiopia,Google Play,0.4588,Positive
100% ‚ù§Ô∏è‚ù§Ô∏è‚ù§Ô∏è??è??è??è??è??è??è??è??è??è??è??è??è??è??è??è??è,5,4/13/2025,Commercial Bank of Ethiopia,Google Play,0,Neutral
everthing wellbeok,3,4/13/2025,Commercial Bank of Ethiopia,Google Play,0,Neutral
"""This mobile banking app is fast and user-friendly, but the only issue I encountered is that I can't access my bank statement within the app. I kindly request that this feature be added, similar to what is offered by other private bank mobile banking apps.",4,4/13/2025,Commercial Bank of Ethiopia,Google Play,0.6486,Positive
nice app ???,5,4/12/2025,Commercial Bank of Ethiopia,Google Play,0.8374,Positive
why did this app is not screenshot,5,4/12/2025,Commercial Bank of Ethiopia,Google Play,0,Neutral
it so good app,5,4/12/2025,Commercial Bank of Ethiopia,Google Play,0.4927,Positive
ÿ¨Ÿ?Ÿ?Ÿ?,5,4/11/2025,Commercial Bank of Ethiopia,Google Play,0,Neutral
"less network, specially to make fee for utility purpose",1,4/11/2025,Commercial Bank of Ethiopia,Google Play,0,Neutral
simply for used,4,4/11/2025,Commercial Bank of Ethiopia,Google Play,0,Neutral
wow keep up,5,4/10/2025,Commercial Bank of Ethiopia,Google Play,0.5859,Positive
its great app but when updating we can't take screen shot please try to fix it,3,4/10/2025,Commercial Bank of Ethiopia,Google Play,0.6705,Positive
good one,5,4/10/2025,Commercial Bank of Ethiopia,Google Play,0.4404,Positive
everything is easy thank you cebe,5,4/10/2025,Commercial Bank of Ethiopia,Google Play,0.6597,Positive
·ç?·?£·?? ·??·?ç·?£·ç?,5,4/10/2025,Commercial Bank of Ethiopia,Google Play,0,Neutral
·??·?†·?ù,5,4/9/2025,Commercial Bank of Ethiopia,Google Play,0,Neutral
but this app says can't sync,5,4/9/2025,Commercial Bank of Ethiopia,Google Play,0,Neutral
waw,5,4/9/2025,Commercial Bank of Ethiopia,Google Play,0,Neutral
to slow,3,4/9/2025,Commercial Bank of Ethiopia,Google Play,0,Neutral
work on screen shot system,4,4/8/2025,Commercial Bank of Ethiopia,Google Play,0,Neutral
very very nice aplication,1,4/8/2025,Commercial Bank of Ethiopia,Google Play,0.5222,Positive
wonder full and it is easy to use,5,4/8/2025,Commercial Bank of Ethiopia,Google Play,0.4404,Positive
easy and reliable,2,4/8/2025,Commercial Bank of Ethiopia,Google Play,0.4404,Positive
it is Very Useful app ??ç,5,4/7/2025,Commercial Bank of Ethiopia,Google Play,0.4927,Positive
perfect app,5,4/7/2025,Commercial Bank of Ethiopia,Google Play,0.5719,Positive
I like it.,5,4/7/2025,Commercial Bank of Ethiopia,Google Play,0.3612,Positive
bugs,3,4/7/2025,Commercial Bank of Ethiopia,Google Play,0,Neutral
commerial Bank,5,4/6/2025,Commercial Bank of Ethiopia,Google Play,0,Neutral
Genat biru,2,4/6/2025,Commercial Bank of Ethiopia,Google Play,0,Neutral
??è,5,4/6/2025,Commercial Bank of Ethiopia,Google Play,0,Neutral
it is good but it doesn't allow screen shot,4,4/6/2025,Commercial Bank of Ethiopia,Google Play,-0.0127,Neutral
the best one,5,4/6/2025,Commercial Bank of Ethiopia,Google Play,0.6369,Positive
You need to copy many things from other bank apps like Amole(Dashen),2,4/6/2025,Commercial Bank of Ethiopia,Google Play,0.3612,Positive
bring back the screenshot feature.,1,4/5/2025,Commercial Bank of Ethiopia,Google Play,0,Neutral
Good!??ç,3,4/5/2025,Commercial Bank of Ethiopia,Google Play,0.4926,Positive
best app to experience him that to smooth transaction among the customers,1,4/5/2025,Commercial Bank of Ethiopia,Google Play,0.6369,Positive
nice app suitable to use it. the only weak side is it need data connections and hoping will be fixed to offline i gave 4 rate,4,4/5/2025,Commercial Bank of Ethiopia,Google Play,0.296,Positive
easy to use,5,4/5/2025,Commercial Bank of Ethiopia,Google Play,0.4404,Positive
"Good job to the CBE team on this mobile app! It's designed in a way that's simple and intuitive to navigate, which is great for everyone. It effectively handles the essential banking tasks I need to perform regularly. It's a practical and reliable tool that makes everyday banking much more convenient. Thank you for this useful application.",5,4/4/2025,Commercial Bank of Ethiopia,Google Play,0.9464,Positive
·??·?? ·?†·?£·?ù ·?ù·?≠·?• ·?ê·?ç ·?ç·?? screenshot ·??·?®·?ç ·?¢·?ª·?ç ·?ù·?≠·?• ·?ê·?†·?≠,5,4/4/2025,Commercial Bank of Ethiopia,Google Play,0,Neutral
before it was smooth and good. this time after the new update in 2025 i can not make screenshot of my recite. even the downlod button is very delayed in putting my recite in my gallery for simple proof. please fix this i am unable to show proof of payment to my clients. thankyou.,3,4/4/2025,Commercial Bank of Ethiopia,Google Play,0.4601,Positive
cool ‚ù§,4,4/4/2025,Commercial Bank of Ethiopia,Google Play,0.7579,Positive
Best app,5,4/4/2025,Commercial Bank of Ethiopia,Google Play,0.6369,Positive
best banking App,4,4/3/2025,Commercial Bank of Ethiopia,Google Play,0.6369,Positive
satisfied,5,4/3/2025,Commercial Bank of Ethiopia,Google Play,0.4215,Positive
this app is very necessary app many people found it,5,4/3/2025,Commercial Bank of Ethiopia,Google Play,0,Neutral
cbe very active Bank I'm using CBE app very very satisfaction,5,4/3/2025,Commercial Bank of Ethiopia,Google Play,0.7554,Positive
It made life alot easier. I cant even imagine having to make all those transactions in person. So this app was crucial for me. Very good app. well done.,5,4/3/2025,Commercial Bank of Ethiopia,Google Play,0.8104,Positive
perfect,5,4/3/2025,Commercial Bank of Ethiopia,Google Play,0.5719,Positive
thankyou,5,4/2/2025,Commercial Bank of Ethiopia,Google Play,0,Neutral
I Like it,5,4/2/2025,Commercial Bank of Ethiopia,Google Play,0.3612,Positive
"I don't understand the reason, why I need to disable developer options to access the app, it has no security risks nor does it hinder the app's functionalities. This goes out to the dev, I hope your life is filled with inconveniences.",1,4/2/2025,Commercial Bank of Ethiopia,Google Play,0.3975,Positive
smart app,5,4/2/2025,Commercial Bank of Ethiopia,Google Play,0.4019,Positive
isin ga'a,2,4/2/2025,Commercial Bank of Ethiopia,Google Play,0,Neutral
it's great,5,4/2/2025,Commercial Bank of Ethiopia,Google Play,0.6249,Positive
very good app and stars faction with work,5,4/2/2025,Commercial Bank of Ethiopia,Google Play,0.4927,Positive
It is excelent,5,4/1/2025,Commercial Bank of Ethiopia,Google Play,0,Neutral
Smart,5,4/1/2025,Commercial Bank of Ethiopia,Google Play,0.4019,Positive
·?†·?®·??·?© ·?†·ç?·?∞·?µ ·?•·?®·?†·?®·??·?ù ·?ê·?ç ·??·?ê·??·?© ·?•·?≠ ·?µ·??·??·?ù ·?≠·??·??·?ç ·?•·?? ·?ù·?? ·??·??·??·?µ ·ç?·?ç·?? ·??·?∞·??·?π ·??·??·?? ·?º·?ç·?Æ·??·?ç ?•∫?•∫?•∫,3,4/1/2025,Commercial Bank of Ethiopia,Google Play,0,Neutral
very interesting app,5,4/1/2025,Commercial Bank of Ethiopia,Google Play,0.4576,Positive
wow.......cbe.....keep it up.....!!!!!!,5,4/1/2025,Commercial Bank of Ethiopia,Google Play,0,Neutral
·??·??·?? ·??·?£·?¢ ·?•·?? ·??·?≠·??·?µ·?? ·??·??·?ç ·?®·??·?´·?∞·?≠·?? ·?¢·?µ·?¨·?≤·?´ ·?´·?? ·ç?·?≠·??·??·?µ ·?†·ç?·?ç·?¨·?Ω·??·?Ω ·?Å·?? ·?≠·?? ·?≠·??·?´·?ç,5,4/1/2025,Commercial Bank of Ethiopia,Google Play,0,Neutral
Excellent??èapp,5,4/1/2025,Commercial Bank of Ethiopia,Google Play,0.5719,Positive
the most useful,5,4/1/2025,Commercial Bank of Ethiopia,Google Play,0.4927,Positive
I am more satisfied in this app . More sure you have to secure.,4,4/1/2025,Commercial Bank of Ethiopia,Google Play,0.7956,Positive
Easy to use,5,4/1/2025,Commercial Bank of Ethiopia,Google Play,0.4404,Positive
"very good, but sometimes NUR CBE comes without my consent. even if I choose locked, it appears",4,4/1/2025,Commercial Bank of Ethiopia,Google Play,0.0252,Neutral
Excellent !!!,5,4/1/2025,Commercial Bank of Ethiopia,Google Play,0.6784,Positive
always we relay on,5,4/1/2025,Commercial Bank of Ethiopia,Google Play,0,Neutral
I'm lucky to have this??è thank you CBE.,5,4/1/2025,Commercial Bank of Ethiopia,Google Play,0.6486,Positive
it's need more improvement like Tellbirr.,4,4/1/2025,Commercial Bank of Ethiopia,Google Play,0.7245,Positive
goode app,5,4/1/2025,Commercial Bank of Ethiopia,Google Play,0,Neutral
a very nice app.??ç??ç??ç,5,4/1/2025,Commercial Bank of Ethiopia,Google Play,0.4754,Positive
safe easy & fast,5,4/1/2025,Commercial Bank of Ethiopia,Google Play,0.7003,Positive
it's good app,5,4/1/2025,Commercial Bank of Ethiopia,Google Play,0.4404,Positive
It is veary useful app but screen shout was impossible .solve this problem,5,4/1/2025,Commercial Bank of Ethiopia,Google Play,-0.2588,Negative
·?•·?© ·?ê·?ç,5,4/1/2025,Commercial Bank of Ethiopia,Google Play,0,Neutral
·?•·??·?ç ·?†·?£·?ù ·?•·?© ·?†·ç?,5,4/1/2025,Commercial Bank of Ethiopia,Google Play,0,Neutral
·?†·?£·?ù ·??·?™·çç ·?ê·?ç ·?ç·?? ·?•·?≠ ·?†·??·?∞·??·??·çç·?†·?µ ·??·??·?µ ·?∞·??·??·?∑·?ç ·?≠·??·?ç ·?•·??·ç? ·??·?ç·?≠·?± ·?≠·?∞·?≠·?≥·?ç ·?ç·?? ·?†·?≠·??·??·?µ·?ù,5,4/1/2025,Commercial Bank of Ethiopia,Google Play,0,Neutral
suitable app,4,4/1/2025,Commercial Bank of Ethiopia,Google Play,0,Neutral
Dear cbe this app is not comparable with 21century and pls try to solve it.?????????,1,4/1/2025,Commercial Bank of Ethiopia,Google Play,0.5719,Positive
best transaction method of financial,5,4/1/2025,Commercial Bank of Ethiopia,Google Play,0.6369,Positive
#CBE is Now going to on the right Pathway/track/!! Thank you CBE one step ahead on payment platform app!!,5,4/1/2025,Commercial Bank of Ethiopia,Google Play,0.5673,Positive
It literarily don't work at all,4,4/1/2025,Commercial Bank of Ethiopia,Google Play,0,Neutral
good give us plus,5,4/1/2025,Commercial Bank of Ethiopia,Google Play,0.4404,Positive
"Very good application. However, I have one functionality recommendation. What if you let the app transfer money to any telebirr account as for MPESA? By the way, I am not the only one to ask this. Thank you!",4,4/1/2025,Commercial Bank of Ethiopia,Google Play,0.7476,Positive
before update it was able to screenshot while after update I can't able to screenshot the transfere details,4,4/1/2025,Commercial Bank of Ethiopia,Google Play,0,Neutral
Tnc Cbe,5,4/1/2025,Commercial Bank of Ethiopia,Google Play,0,Neutral
it is good app. But you have integrate cbe with cbe birr. to allow cardless withdrawal directly from our accout!,4,3/31/2025,Commercial Bank of Ethiopia,Google Play,0.5778,Positive
great apps,5,3/31/2025,Commercial Bank of Ethiopia,Google Play,0.6249,Positive
Excellent,5,3/31/2025,Commercial Bank of Ethiopia,Google Play,0.5719,Positive
Great app!,4,3/31/2025,Commercial Bank of Ethiopia,Google Play,0.6588,Positive
CBE,5,3/31/2025,Commercial Bank of Ethiopia,Google Play,0,Neutral
very good ??ç ??è,5,3/31/2025,Commercial Bank of Ethiopia,Google Play,0.4927,Positive
great when it works,5,3/31/2025,Commercial Bank of Ethiopia,Google Play,0.6249,Positive
"the app is very good, but why screenshots is impossible?",5,3/31/2025,Commercial Bank of Ethiopia,Google Play,0.2724,Positive
excellent match application,5,3/31/2025,Commercial Bank of Ethiopia,Google Play,0.5719,Positive
The Best app??ç??ç??ç,5,3/31/2025,Commercial Bank of Ethiopia,Google Play,0.9217,Positive
excellent app,5,3/31/2025,Commercial Bank of Ethiopia,Google Play,0.5719,Positive
easy to use and user friendly,5,3/31/2025,Commercial Bank of Ethiopia,Google Play,0.7269,Positive
very nice,5,3/31/2025,Commercial Bank of Ethiopia,Google Play,0.4754,Positive
·?†·?™·çç ·?ê·?ç ·?†·?∞·??·?≠ ·?®·?†·?ª·?´ ·?∞·??·?ê·?± ·??·?®·??·??·?° ·?∞·??·?Ω·?∂·??·?ç,3,3/31/2025,Commercial Bank of Ethiopia,Google Play,0,Neutral
well software,5,3/31/2025,Commercial Bank of Ethiopia,Google Play,0.2732,Positive
·?•·?© ·?ê·?ç ·?†·??·?≥·??·?¥ ·?µ·?≥·?≠ ·?¢·?´·?∞·?≠·?ç·?ù,4,3/31/2025,Commercial Bank of Ethiopia,Google Play,0,Neutral
CBE very good apps,5,3/31/2025,Commercial Bank of Ethiopia,Google Play,0.4927,Positive
"This application fast, secure and more convenient. Thanks CBE",5,3/31/2025,Commercial Bank of Ethiopia,Google Play,0.6786,Positive
excellent service,5,3/31/2025,Commercial Bank of Ethiopia,Google Play,0.5719,Positive
it's best,5,3/31/2025,Commercial Bank of Ethiopia,Google Play,0.6369,Positive
Why didn't you display cash transactions and bank statement in the mobile banking app?,4,3/31/2025,Commercial Bank of Ethiopia,Google Play,0,Neutral
Amazing app,5,3/31/2025,Commercial Bank of Ethiopia,Google Play,0.5859,Positive
our legitimate bank,4,3/31/2025,Commercial Bank of Ethiopia,Google Play,0,Neutral
Ever and never seen this kind of app I proud my CBE,5,3/31/2025,Commercial Bank of Ethiopia,Google Play,0.4767,Positive
very good and safe for me!,5,3/31/2025,Commercial Bank of Ethiopia,Google Play,0.7683,Positive
it is best bank,5,3/31/2025,Commercial Bank of Ethiopia,Google Play,0.6369,Positive
"very good, but sometimes....",4,3/31/2025,Commercial Bank of Ethiopia,Google Play,0.2724,Positive
·?®·?†·??·?µ ·??·?µ·?™·?´ ·?§·?µ ·??·?≠·?ù ·?µ·?≠·??·?µ ·??·?≠·?ù ·?ç·??·?∞·?• ·?†·?≠·?®·?µ ·??·?? ·?∞·?ç ·?≤·??·?≠ ·?®·??·?™·?ç·?? ·??·?µ·?™·?´ ·?§·?µ ·??·?≠·?ù ·?µ·?≠·??·?µ ·??·?≠·?ù ·?ç·??·?∞·?• ·?•·??·?≤·?´·?≥·?≠ ·?†·?≥·?∞·?≠·??·?ù ? ·?ç·??·?∞·?• ·??·?ç·??·?∞·?• ·??·?≠·?ù ·??·?µ·?≠·??·?µ ·?≤·?®·çç·?ç ·?´·?≥·?´·?ç ·ç¢,5,3/31/2025,Commercial Bank of Ethiopia,Google Play,0,Neutral
Why not allowed to pay for fuel?,4,3/31/2025,Commercial Bank of Ethiopia,Google Play,0.0762,Positive
Really! this app is more simple to use at any time in every where also it's transaction quality between the users within the transaction receipt as abank that means this app is our bank on hand in mobile frankly I proud on this bank digital. I have no word to wrote ...... but it's have weakness on poor connection.,5,3/31/2025,Commercial Bank of Ethiopia,Google Play,-0.7644,Negative
·??·??·?? ·?ê·?ç,5,3/31/2025,Commercial Bank of Ethiopia,Google Play,0,Neutral
Great version,5,3/31/2025,Commercial Bank of Ethiopia,Google Play,0.6249,Positive
Good and easy to use,5,3/31/2025,Commercial Bank of Ethiopia,Google Play,0.7003,Positive
nice app and fast money transfer,5,3/31/2025,Commercial Bank of Ethiopia,Google Play,0.4215,Positive
Really automated...,5,3/31/2025,Commercial Bank of Ethiopia,Google Play,0,Neutral
good App,5,3/31/2025,Commercial Bank of Ethiopia,Google Play,0.4404,Positive
bek betam kelal,5,3/31/2025,Commercial Bank of Ethiopia,Google Play,0,Neutral
·?ù·?≠·?• ·?†·ç? ·?ê·?ç ·?∞·??·?Ω·?∂·??·?ç‚ù§‚ù§,3,3/31/2025,Commercial Bank of Ethiopia,Google Play,0.8555,Positive
Recently app keeps closing and the notification after says this app has a bug. Can you make an update please,4,3/31/2025,Commercial Bank of Ethiopia,Google Play,0.3182,Positive
"very good, keep it up",5,3/31/2025,Commercial Bank of Ethiopia,Google Play,0.4927,Positive
there is some issue the process it delay,3,3/31/2025,Commercial Bank of Ethiopia,Google Play,-0.3182,Negative
what an amazing application in Ethiopian Banking industry which is very interested one!,5,3/31/2025,Commercial Bank of Ethiopia,Google Play,0.7955,Positive
interesting,3,3/30/2025,Commercial Bank of Ethiopia,Google Play,0.4019,Positive
simple&fast!!!,5,3/30/2025,Commercial Bank of Ethiopia,Google Play,0,Neutral
it is very good app,5,3/30/2025,Commercial Bank of Ethiopia,Google Play,0.4927,Positive
It is very excellent anddynamic plus user friend all in one bank apps of the era. I loved it.,5,3/30/2025,Commercial Bank of Ethiopia,Google Play,0.902,Positive
Very God thanks,5,3/30/2025,Commercial Bank of Ethiopia,Google Play,0.6779,Positive
The sum is good.,3,3/30/2025,Commercial Bank of Ethiopia,Google Play,0.4404,Positive
best of bests,5,3/30/2025,Commercial Bank of Ethiopia,Google Play,0.6369,Positive
am happy thank you CBE?´°,5,3/30/2025,Commercial Bank of Ethiopia,Google Play,0.7351,Positive
it's very nice ??ç.,5,3/30/2025,Commercial Bank of Ethiopia,Google Play,0.4754,Positive
"The history sometimes misses transactions, tranfer to cbe birr debited but not really transferred, We need to really cop up with the world for real. The hacks and security problems, invest on and solve them.",3,3/30/2025,Commercial Bank of Ethiopia,Google Play,0.0772,Positive
Very good,5,3/30/2025,Commercial Bank of Ethiopia,Google Play,0.4927,Positive
halan garidhaa cbe,5,3/30/2025,Commercial Bank of Ethiopia,Google Play,0,Neutral
best apps for useing,5,3/30/2025,Commercial Bank of Ethiopia,Google Play,0.6369,Positive
like it,5,3/29/2025,Commercial Bank of Ethiopia,Google Play,0.3612,Positive
Good apps ...But fix the screenshot its not easy like before ......,5,3/29/2025,Commercial Bank of Ethiopia,Google Play,-0.5892,Negative
l love it,5,3/29/2025,Commercial Bank of Ethiopia,Google Play,0.802,Positive
"I am not exaggerating when I say that this application is one of the biggest players in the banking industry. It has simplified a lot of things for the user, even if the bank is in his pocket. But my opinion is (1), when we transfer money, there is a word limit on the (Note) at the end. Why can't we write our reason briefly? I don't understand why it is limited. On the other hand, there is no limit on the bank. Could you explain this? (2), when we pay for water, why is the code not mentioned",5,3/29/2025,Commercial Bank of Ethiopia,Google Play,-0.1408,Negative
in this update why screenshoot is disabled now it's not working,1,3/28/2025,Commercial Bank of Ethiopia,Google Play,0,Neutral
"realy I donot seen like this application ! fast ,safe ande confortable",5,3/28/2025,Commercial Bank of Ethiopia,Google Play,0.69,Positive
Excellent but needed upgrading!,5,3/28/2025,Commercial Bank of Ethiopia,Google Play,0.3903,Positive
goods app!! pleace update this apps??,4,3/28/2025,Commercial Bank of Ethiopia,Google Play,0,Neutral
"The latest update prevents taking screenshots, which is really annoying! please allow us to take screenshots! we need it for evidence (particularly, in case of transfer failure!).",1,3/27/2025,Commercial Bank of Ethiopia,Google Play,-0.4814,Negative
Fantastic app! I appreciate it very much,5,3/27/2025,Commercial Bank of Ethiopia,Google Play,0.7644,Positive
Convenient app,5,3/27/2025,Commercial Bank of Ethiopia,Google Play,0,Neutral
Doesn't work properly. It crashes some many times. commercial bank of Ethiopia not only the application but also sending money to own CBE birr doesn't get your money in your bank account. forcefully you must wait 3-5 days to get your money back to your account. walk up CBE the world is going to decentralized finance.,1,3/26/2025,Commercial Bank of Ethiopia,Google Play,0,Neutral
It crashes multiple times everytime you launch it. Fix it. Edit: crash fixed but screenshots has been disabled. I don't know who thought this was a good idea.,1,3/26/2025,Commercial Bank of Ethiopia,Google Play,0.4588,Positive
why why u remove screen shoot??°??°,2,3/26/2025,Commercial Bank of Ethiopia,Google Play,-0.34,Negative
"I fails mid transaction, No screenshot, download don't work, link shared not working bring back the old app this is usless",1,3/26/2025,Commercial Bank of Ethiopia,Google Play,-0.7215,Negative
very nice one,5,3/26/2025,Commercial Bank of Ethiopia,Google Play,0.4754,Positive
good application,5,3/25/2025,Commercial Bank of Ethiopia,Google Play,0.4404,Positive
problem solver and the best fast app,5,3/25/2025,Commercial Bank of Ethiopia,Google Play,0.3612,Positive
·?ù·?≠·?• ·?†·ç?·??·?®·?Ω·?? ·?ê·?ç ·??·??·??·?• ·??·??·??·?≠·?ù ·??·?ê ·??·??·??·??·?ç·?ù ·?ê·??·?≠ ·?∞·??·?Ω·?∂·??·?ç ·?†·??·?ç ·??·?•·??·?†·?µ,5,3/25/2025,Commercial Bank of Ethiopia,Google Play,0,Neutral
Please bring back the screenshot option. The screenshot download option takes like 15 second appear in gallery and most people don't know about it.,3,3/25/2025,Commercial Bank of Ethiopia,Google Play,0.5859,Positive
you must added dark mode options ‚ù?,3,3/25/2025,Commercial Bank of Ethiopia,Google Play,0,Neutral
Thank you,5,3/25/2025,Commercial Bank of Ethiopia,Google Play,0.3612,Positive
cbe,5,3/25/2025,Commercial Bank of Ethiopia,Google Play,0,Neutral
Ÿ?Ÿ?ÿ™ÿßÿ≤ ÿ¨ÿØÿß ÿ¨ÿØÿß,5,3/24/2025,Commercial Bank of Ethiopia,Google Play,0,Neutral
very nice and convenient app,5,3/24/2025,Commercial Bank of Ethiopia,Google Play,0.4754,Positive
there are to many bugs app keeps crashi ng and the update file seems to keep getting worse,2,3/24/2025,Commercial Bank of Ethiopia,Google Play,-0.4767,Negative
??ç??ç??ç,5,3/24/2025,Commercial Bank of Ethiopia,Google Play,0,Neutral
Great experience so far but why this app ain't working while developer mode is on?,4,3/24/2025,Commercial Bank of Ethiopia,Google Play,0.3716,Positive
why did the screen shot stopped ?????,3,3/24/2025,Commercial Bank of Ethiopia,Google Play,-0.4329,Negative
it's genuine app..,5,3/24/2025,Commercial Bank of Ethiopia,Google Play,0,Neutral
okay ?????ç,5,3/24/2025,Commercial Bank of Ethiopia,Google Play,0.7925,Positive
it's a very good application but sometimes it takes a long time to synchronize,4,3/23/2025,Commercial Bank of Ethiopia,Google Play,0.2724,Positive
commercial dank...,5,3/23/2025,Commercial Bank of Ethiopia,Google Play,0,Neutral
it's not working,3,6/5/2025,Bank of Abyssinia,Google Play,0,Neutral
"Hello, I‚??m facing a problem with the BOA Mobile app. Every time I enter my phone number and password, the app crashes and shows an error that says ‚??BoaMobile closed because this app has a bug.‚?ù I tried updating, reinstalling, and clearing cache, but nothing worked. Please fix this bug in the next update. I really need access to my account. Thank you.",1,6/3/2025,Bank of Abyssinia,Google Play,-0.1884,Negative
exceptional,5,6/3/2025,Bank of Abyssinia,Google Play,0,Neutral
BoA Mobile good bank,5,6/2/2025,Bank of Abyssinia,Google Play,0.4404,Positive
this is worest app 24/7 loading,1,6/1/2025,Bank of Abyssinia,Google Play,0,Neutral
This App is not interest for Android phone Please update it .,1,6/1/2025,Bank of Abyssinia,Google Play,-0.0464,Neutral
BoA system is confartable,5,6/1/2025,Bank of Abyssinia,Google Play,0,Neutral
"this app, for me , is a waste of time. It doesn't work . I can't even long in, and it really piss me off. FIX THE PROBLEM",1,5/27/2025,Bank of Abyssinia,Google Play,-0.8491,Negative
Good service.,3,5/25/2025,Bank of Abyssinia,Google Play,0.4404,Positive
the app crush frequently,1,5/24/2025,Bank of Abyssinia,Google Play,-0.1531,Negative
You guys keeps getting worst,1,5/22/2025,Bank of Abyssinia,Google Play,-0.6249,Negative
"This app is a joke. It crashes more than it works, takes forever to load, and half the features are just decorative at this point. Can‚??t log in, can‚??t transfer money, can‚??t even check my balance without it bugging out. To the developer: Are you actually trying to make this work, or is this some kind of social experiment to test our patience? Did you build this in your sleep? Because it definitely looks like it. If this is your idea of a functional app, maybe consider a different career path??è",1,5/21/2025,Bank of Abyssinia,Google Play,0.7757,Positive
BoA,2,5/20/2025,Bank of Abyssinia,Google Play,0,Neutral
but not opening on android,4,5/19/2025,Bank of Abyssinia,Google Play,0,Neutral
Worst App ever. Totally unreliable. And it didn't work at all for the last 4 months.,1,5/18/2025,Bank of Abyssinia,Google Play,-0.6249,Negative
·??·??·?¨ ·?®·?†·?∞,5,5/14/2025,Bank of Abyssinia,Google Play,0,Neutral
"this app does no work on Samsung a51, it just gives a preview of the logo",1,5/11/2025,Bank of Abyssinia,Google Play,-0.296,Negative
"i entered incorrect security question by mistake boa app lock pin forever, why is there no other options? ?? i contacted different branchs more then 4times but they didn't able to solve this issue .",5,5/10/2025,Bank of Abyssinia,Google Play,-0.4639,Negative
liking this application good ??ç,5,5/7/2025,Bank of Abyssinia,Google Play,0.6808,Positive
"This app future is good, but there is problems with apps to reset and activate it, which is difficult even to the branch staffs, and it takes too long times to active at the branch plus most of the time high expected failure of activation after process at the counter and OTP sent not work",1,5/6/2025,Bank of Abyssinia,Google Play,-0.775,Negative
it's really good ??ç,5,4/23/2025,Bank of Abyssinia,Google Play,0.4927,Positive
Bad app . it stuck when you open and noting WORKS.,1,4/23/2025,Bank of Abyssinia,Google Play,-0.6705,Negative
"the app isn't working after it asked me the password it starts loading, but it doesn't open",3,4/20/2025,Bank of Abyssinia,Google Play,0,Neutral
It keeps showing this pop up to turn off developer options even tho it's off! I had to turn on and then off to make it work! This is a horrible experience and needs a fix asap! Plus kinda slow.,1,4/19/2025,Bank of Abyssinia,Google Play,-0.6571,Negative
yideg,1,4/18/2025,Bank of Abyssinia,Google Play,0,Neutral
·?†·?≠·?®·çç·?µ·?ù ·?•·?Æ,1,4/17/2025,Bank of Abyssinia,Google Play,0,Neutral
great boa,5,4/10/2025,Bank of Abyssinia,Google Play,0.6249,Positive
boa of mobile backing,5,4/9/2025,Bank of Abyssinia,Google Play,0.0258,Neutral
faster bank of Abissinya,5,4/8/2025,Bank of Abyssinia,Google Play,0,Neutral
i would have given it a lower if it was possible because it crush so much and it take the bank so long to fix the bug,1,4/8/2025,Bank of Abyssinia,Google Play,-0.4215,Negative
it just doesn't work...so frustrating,1,4/7/2025,Bank of Abyssinia,Google Play,0.3412,Positive
like,5,4/6/2025,Bank of Abyssinia,Google Play,0.3612,Positive
it's not work correctly... you must have update it,1,4/6/2025,Bank of Abyssinia,Google Play,0,Neutral
"the app gets a considerable improvements like language , QR scanner and unlimited transfers survice. but BOA Please do alot on its fastness and convenient when we login and making a transactions.",5,4/4/2025,Bank of Abyssinia,Google Play,0.6844,Positive
after i typed in my password it says successfully logged out ...and goes back to the first page,2,4/4/2025,Bank of Abyssinia,Google Play,0.4939,Positive
good but they don't update enough don't add new things,3,4/4/2025,Bank of Abyssinia,Google Play,0.2382,Positive
thank you,5,4/2/2025,Bank of Abyssinia,Google Play,0.3612,Positive
it doesn't work period z slowest mobile banking ever i would rather use *815#,1,4/1/2025,Bank of Abyssinia,Google Play,0,Neutral
"after activated the application it not allowed to sign , automatically it is turn off In my phone, why ?",1,3/31/2025,Bank of Abyssinia,Google Play,0,Neutral
this version is not working for me I cannot even buy card. I cannot send money,1,3/30/2025,Bank of Abyssinia,Google Play,0,Neutral
"It can't actively on initialization, it says incorrect OTP getting the exact OTP",1,3/29/2025,Bank of Abyssinia,Google Play,-0.2411,Negative
always problematic hardly works,1,3/26/2025,Bank of Abyssinia,Google Play,-0.4404,Negative
considering the fact the bank is huge this app really bad you could do better,1,3/25/2025,Bank of Abyssinia,Google Play,0.1045,Positive
"worst app and Bank ever u be ashamed, scammer",1,3/24/2025,Bank of Abyssinia,Google Play,-0.802,Negative
great BoA,5,3/22/2025,Bank of Abyssinia,Google Play,0.6249,Positive
i have went to the bank so many times because i couldn't make any transaction i can only see my balance nothing else so what is the point of having mobile banking if i can't make any transaction with it please work in that,1,3/21/2025,Bank of Abyssinia,Google Play,0.3182,Positive
there is no speed,1,3/19/2025,Bank of Abyssinia,Google Play,-0.296,Negative
"For anyone who wants to download it, just don't!!!",1,3/19/2025,Bank of Abyssinia,Google Play,0,Neutral
wonderful,5,3/19/2025,Bank of Abyssinia,Google Play,0.5719,Positive
all worck,5,3/19/2025,Bank of Abyssinia,Google Play,0,Neutral
Loved it,5,3/14/2025,Bank of Abyssinia,Google Play,0.5994,Positive
Wow,1,3/14/2025,Bank of Abyssinia,Google Play,0.5859,Positive
"Edit: New bug, app not letting me type in my otp codes. Shameful Why does this app not allow me to use it while having developer options on? Did y'all consider that I might, perhaps, be an actual developer? Why am I expected to toggle the option on and off just to bank (restarting my phone when I do)? Why is the message labled as somthing that will ""smoothen"" the experience? This is like the most ""security consultant"" thing to implement in an app. Please invest in actual security, not this mess.",1,3/12/2025,Bank of Abyssinia,Google Play,0.7962,Positive
Improved to be the best,5,3/11/2025,Bank of Abyssinia,Google Play,0.8074,Positive
"Decent, but there problems sometimes it says error When i transfer money but infact it transferred because of this bug i transferred 2 times instead of 1 and also we can't transfer money to others telebirr acc we only can to our self BOE Dev fix this !!!",3,3/11/2025,Bank of Abyssinia,Google Play,-0.8392,Negative
BoA Greqt Ethiopian bank.,5,3/11/2025,Bank of Abyssinia,Google Play,0,Neutral
"The bug is still there,the app crashes every time i try to log in, especially in old phones like my Galaxy A32",1,3/10/2025,Bank of Abyssinia,Google Play,0.3612,Positive
Almost better compared to cbe where it is not qualified for,4,3/9/2025,Bank of Abyssinia,Google Play,0.3832,Positive
what awesome apps. it is very simple to use and more much important apps.,5,3/9/2025,Bank of Abyssinia,Google Play,0.7334,Positive
Wonderfull app,5,3/8/2025,Bank of Abyssinia,Google Play,0,Neutral
i can't use this app why?,5,3/7/2025,Bank of Abyssinia,Google Play,0,Neutral
Worst mobile banking app I ever experienced I was blaming other apps but comparing with this they're too much better!!!! It clashes it takes much longer time to login while loading in short it's a complete of trash,1,3/6/2025,Bank of Abyssinia,Google Play,0.3331,Positive
bro the worst app made by human kind!! as a software engineer it make me so sad seeing enterprise as big as BOA make apps like this. it is a disgrace for our country!!,1,3/5/2025,Bank of Abyssinia,Google Play,-0.8205,Negative
AGA B Girja Miss language of admin Afaan oromo & other Itoophiyaa languages,1,3/4/2025,Bank of Abyssinia,Google Play,-0.1531,Negative
"I downloaded the app for the first time while reading other customers reviews and as soon as i installed and opened the app it closes back automatically, what unserious bank, now i uninstalled the app immediately",1,3/3/2025,Bank of Abyssinia,Google Play,0,Neutral
It has good features but sometimes it doesn't work...0,1,3/2/2025,Bank of Abyssinia,Google Play,0.2382,Positive
Very poor proformance,1,3/1/2025,Bank of Abyssinia,Google Play,-0.5256,Negative
It's not opening. Really frustrating,1,3/1/2025,Bank of Abyssinia,Google Play,0.3865,Positive
Verry Amazing App from all IB,5,3/1/2025,Bank of Abyssinia,Google Play,0.5859,Positive
Not working on this days,1,2/26/2025,Bank of Abyssinia,Google Play,0,Neutral
Thank you BoA,5,2/23/2025,Bank of Abyssinia,Google Play,0.3612,Positive
best banking app in the wworld,5,2/22/2025,Bank of Abyssinia,Google Play,0.6369,Positive
Nice app and it's easy to use,5,2/21/2025,Bank of Abyssinia,Google Play,0.6908,Positive
"please add language in the apps setting(amharic afan oromo, tigniya,and others) sometimes bank to bank transfer is not available through time and even if if it is available not reachable‚?¶it is serious issue!",1,2/15/2025,Bank of Abyssinia,Google Play,0.4242,Positive
This is help full i like ittttt,5,2/14/2025,Bank of Abyssinia,Google Play,0.6369,Positive
The is not functional at all?,2,2/12/2025,Bank of Abyssinia,Google Play,0,Neutral
Best bank,5,2/8/2025,Bank of Abyssinia,Google Play,0.6369,Positive
Make it easy and convienient to use and perfect for all to high prefrence and choice.,3,2/7/2025,Bank of Abyssinia,Google Play,0.765,Positive
??™??π??™??π??™??π??™??π??™??π??™??π??ç??ç??ç??ç??ç??ç??ç,5,2/4/2025,Bank of Abyssinia,Google Play,0,Neutral
I have been using this app for two years.It is amazing.,5,2/1/2025,Bank of Abyssinia,Google Play,0.5859,Positive
Good ??ç,5,1/31/2025,Bank of Abyssinia,Google Play,0.4404,Positive
Sad experience,1,1/30/2025,Bank of Abyssinia,Google Play,-0.4767,Negative
Always do update and that is annoying,3,1/27/2025,Bank of Abyssinia,Google Play,-0.4019,Negative
"Best app, somehow waiting a few minutes",5,1/23/2025,Bank of Abyssinia,Google Play,0.6369,Positive
I can't dijitalize my atm in the apollo app on my phone,1,1/22/2025,Bank of Abyssinia,Google Play,0,Neutral
Whenever I try to sign in app close please fixed it out,2,1/21/2025,Bank of Abyssinia,Google Play,0.3182,Positive
Beter,5,1/21/2025,Bank of Abyssinia,Google Play,0,Neutral
Boa,4,1/18/2025,Bank of Abyssinia,Google Play,0,Neutral
·?†·?£·?ù ·?®·??·?´·?µ·?†·?? ·?†·ç? ·?†·?£·?ù ·?®·??·?®·?∞ ·??·?Æ ·?ê·?ç ·?®·?ù·?∞·?†·?ç ·??·?Æ It's not App it's very slow ehhhh. Why don't you upgrade the app???? It's always zero,1,1/18/2025,Bank of Abyssinia,Google Play,0,Neutral
Aadan Axmed Barkhadle,5,1/17/2025,Bank of Abyssinia,Google Play,0,Neutral
??°??°??°?§¨?§¨?§¨,1,1/16/2025,Bank of Abyssinia,Google Play,0,Neutral
Horrible customer service and app crashes Horrible!!,1,1/15/2025,Bank of Abyssinia,Google Play,-0.8217,Negative
I love it,5,1/14/2025,Bank of Abyssinia,Google Play,0.6369,Positive
It keeps asking me to turn off developer mode even when dev mode is off. Couldn't use it.,1,1/13/2025,Bank of Abyssinia,Google Play,0,Neutral
Good??è,5,1/12/2025,Bank of Abyssinia,Google Play,0.4404,Positive
Like to much,5,1/11/2025,Bank of Abyssinia,Google Play,0.3612,Positive
Perfect,5,1/9/2025,Bank of Abyssinia,Google Play,0.5719,Positive
The best of best,5,1/9/2025,Bank of Abyssinia,Google Play,0.8555,Positive
I was using this app for long time it amazing user friendly UI but the i can't found for get pin button in the app,3,1/7/2025,Bank of Abyssinia,Google Play,0.5423,Positive
Great ??ç,5,1/4/2025,Bank of Abyssinia,Google Play,0.6249,Positive
Fast and suitable for the customers.,5,1/4/2025,Bank of Abyssinia,Google Play,0,Neutral
Good app and helpful,5,1/3/2025,Bank of Abyssinia,Google Play,0.6908,Positive
"I will give only one star, because it faced with multiple of problems. 1. The app is not as fast as the other banks App, for e.g like CBE 2. The App asks repeatedly to switch off developer options, even if it is switched off. 3. Bank of Abyssinia's services are interesting, but they ignored the issues on the App service. 4. Most customers gave a complain on the App, but no one accept their complain to fix the issue. 5. Lastly, I will not recommend the App unless the issue has been solved ASAP!!",1,1/3/2025,Bank of Abyssinia,Google Play,-0.931,Negative
By assessing this you can tell Abyssinia bank has no idea what mobile banking is ?,1,1/2/2025,Bank of Abyssinia,Google Play,-0.296,Negative
It doesn't work at all.,2,1/2/2025,Bank of Abyssinia,Google Play,0,Neutral
this app is not available,1,1/2/2025,Bank of Abyssinia,Google Play,0,Neutral
Wow what amazing,5,12/30/2024,Bank of Abyssinia,Google Play,0.8225,Positive
love it,5,12/30/2024,Bank of Abyssinia,Google Play,0.6369,Positive
·?†·?£·?ù ·??·?ª·?ª·?ç ·?†·??·?†·?µ....... ·?? ·?£·??·?© ·??·?≠·??·?•·?? ·??·?∞·?ç·?†·?≠·?´ ·?ê·?ç ::,2,12/30/2024,Bank of Abyssinia,Google Play,0,Neutral
Lemn embi yilal??,5,12/30/2024,Bank of Abyssinia,Google Play,0,Neutral
It's useless app downgraded.,1,12/29/2024,Bank of Abyssinia,Google Play,-0.4215,Negative
Why is not letting me access my account. The whole point of this app is for me to gey access to my account without physically being at the bank. I would give it a zero but a one will suffice to get my point accross.,1,12/27/2024,Bank of Abyssinia,Google Play,0,Neutral
Nice,5,12/26/2024,Bank of Abyssinia,Google Play,0.4215,Positive
When are you going to get rid of this and have a real app that works? By far the worst mobile banking app.,1,12/24/2024,Bank of Abyssinia,Google Play,-0.6249,Negative
·?†·?≠·?∞·?´·?ù ·?º·?ù ·?ê·?ç·ç§,1,12/23/2024,Bank of Abyssinia,Google Play,0,Neutral
Not that much bad,3,12/22/2024,Bank of Abyssinia,Google Play,0.431,Positive
Fine,5,12/21/2024,Bank of Abyssinia,Google Play,0.2023,Positive
The dirtiest application ever seen...,1,12/20/2024,Bank of Abyssinia,Google Play,-0.5267,Negative
Nic ap,5,12/19/2024,Bank of Abyssinia,Google Play,0,Neutral
The forest app ever,1,12/19/2024,Bank of Abyssinia,Google Play,0,Neutral
"I love BoA more than anyone but they are cursed when it comed to mobile banking. Even though this ine is hetter it still s*cks! It will ask me to turn off developer options other wise it won't work! I use CBE, Awash birr, tekebirr, Dashen bank and others but non of them asked me this, why only BoA? Please improve your mobile banking, be competitive!",1,12/19/2024,Bank of Abyssinia,Google Play,0.9475,Positive
Bank of abissena,1,12/17/2024,Bank of Abyssinia,Google Play,0,Neutral
"Easy and sooo simple to use it, also its easy to stole someones money using the app",3,12/16/2024,Bank of Abyssinia,Google Play,0.7003,Positive
GOOD,5,12/15/2024,Bank of Abyssinia,Google Play,0.4404,Positive
The worst banking app ever. Never works!,1,12/14/2024,Bank of Abyssinia,Google Play,-0.6588,Negative
Poorly functioning app,3,12/13/2024,Bank of Abyssinia,Google Play,0,Neutral
Very nice,5,12/13/2024,Bank of Abyssinia,Google Play,0.4754,Positive
Your system is the worst you should do better??°??°??°??°??°??°,2,12/11/2024,Bank of Abyssinia,Google Play,-0.296,Negative
It has been a while since you guys started giving the mobile app service but still couldn't get it to work. I'm sure you know that it doesn't work already but not sure if you're lazy or incompetent to fix it. You are losing business because of this. Complacency will have consequences.,1,12/10/2024,Bank of Abyssinia,Google Play,-0.8622,Negative
"This is the best app; many features are awesome, but it should work without the need to turn off the developer options. I'm tired of having to constantly switch the developer options off and on. I've been expressing my struggles about this. I have precious settings enabled in the developer options, and to open the App Boa app, I have to turn them off. Please help us, Abyssinia Bank. I hope you can provide an update soon.",4,12/8/2024,Bank of Abyssinia,Google Play,0.9253,Positive
"I‚??m giving this app one star because there are no options below that. My experience has been incredibly frustrating due to the extremely long loading times, and the app even closes automatically at times. People choose mobile banking for its convenience, but this app is far too time-consuming, making it the worst I‚??ve used. I hope improvements are made to enhance the user experience.",1,12/7/2024,Bank of Abyssinia,Google Play,-0.2135,Negative
Very unprofessional and mischievous bank in my opinion. I have had several occasions but recently I used Abyssinia Card to withdraw money and it was deducted from my account but despite reporting several times they said they are processing it but I learned yesterday that since it has been 3 months the bank has decided to include it in their income. How absurd. If you can avoid this bank.,1,12/6/2024,Bank of Abyssinia,Google Play,-0.6245,Negative
It doesn't work on my 2 devices A05 and A34 ??°,1,12/2/2024,Bank of Abyssinia,Google Play,0,Neutral
It's better to say I don't use boa rather than pulling your phone out and opening this app,1,12/1/2024,Bank of Abyssinia,Google Play,0.4404,Positive
My attention is very important because it will be the most difficult time for me,5,11/30/2024,Bank of Abyssinia,Google Play,-0.1779,Negative
"I have a worst experience while using this mobile application through out the year. Most of the time it fails to ""Login"" or automatically closed the app. And also it takes so much loading time (5 minutes ) trying to access the internal services. Sometimes also while transferring within and to other bank also fails. So, BOA please fix your app.",1,11/29/2024,Bank of Abyssinia,Google Play,-0.8126,Negative
I don't know why but your apps start out great then all of a sudden don't work?§∑‚?ç‚??Ô∏è,1,11/28/2024,Bank of Abyssinia,Google Play,0.7684,Positive
This application is losing major factions on a daily basis. I can count how many times I have used this app; it is completely useless and disappointing if I am not going to use it in times of need then I don't see the point.,1,11/28/2024,Bank of Abyssinia,Google Play,-0.8464,Negative
exellent digital transaction of money,5,11/27/2024,Bank of Abyssinia,Google Play,0,Neutral
The latest update has stopped android 9 phones not to open this App. Never work properly since i started using it.,1,11/26/2024,Bank of Abyssinia,Google Play,-0.2263,Negative
Great,5,11/25/2024,Bank of Abyssinia,Google Play,0.6249,Positive
??è??è??è,5,11/24/2024,Bank of Abyssinia,Google Play,0,Neutral
Money,5,11/24/2024,Bank of Abyssinia,Google Play,0,Neutral
It needs more improvment,2,11/24/2024,Bank of Abyssinia,Google Play,0,Neutral
Hey Google,5,11/21/2024,Bank of Abyssinia,Google Play,0,Neutral
ab,3,11/20/2024,Bank of Abyssinia,Google Play,0,Neutral
Ademtahir,5,11/20/2024,Bank of Abyssinia,Google Play,0,Neutral
‚??Ô∏è‚??Ô∏è,5,11/20/2024,Bank of Abyssinia,Google Play,0,Neutral
Please this app on my android phone,3,11/20/2024,Bank of Abyssinia,Google Play,0.3182,Positive
GOAT ?êê ?êê,5,11/19/2024,Bank of Abyssinia,Google Play,0,Neutral
"Your app doesn't match your bank, the app is disaster, super slow. Please learn something from tele birr app.",1,11/19/2024,Bank of Abyssinia,Google Play,0.2732,Positive
Fast and reliable,5,11/18/2024,Bank of Abyssinia,Google Play,0,Neutral
"The worst app update ever. Why would you include the ""developer option off"" thing here? Why do you care? It is my phone my money, right? That is the reason why I switched to other banks. So either turn it off or everyone will discontinue their business one by one.",1,11/17/2024,Bank of Abyssinia,Google Play,-0.3485,Negative
One of the poorest mobile banking system,1,11/13/2024,Bank of Abyssinia,Google Play,-0.5423,Negative
‚ù§‚ù§‚ù§‚ù§‚ù§‚ù§,5,11/12/2024,Bank of Abyssinia,Google Play,0.9803,Positive
Oene,5,11/12/2024,Bank of Abyssinia,Google Play,0,Neutral
i find it interesting specially in reciept downloading,1,11/12/2024,Bank of Abyssinia,Google Play,0.4019,Positive
it good,5,11/12/2024,Bank of Abyssinia,Google Play,0.4404,Positive
"This app crashes everytime, please fix it",1,11/12/2024,Bank of Abyssinia,Google Play,0.3182,Positive
·?†·??·?µ star ·?´·?± ·?≠·?†·??·?†·?≥·?ç·ç¢ i dont recomend to use this app also the bank,1,11/12/2024,Bank of Abyssinia,Google Play,0,Neutral
I need a support the app is not working,5,11/12/2024,Bank of Abyssinia,Google Play,0.4019,Positive
Bast bank of ethiopia,5,11/12/2024,Bank of Abyssinia,Google Play,0,Neutral
very slow app. ·?†·?¢·?≤·??·?´·?? ·?®·??·?´·?≠·?ç ·?£·??·?≠ ·?®·??·?≠·?†·?†·?? software app. ·?®·?ª·??·?Ω·?Å ·??·?? ·??·??·?? ·?•·??·?∞·??·?? ·?†·?∞·?©·?µ·ç¢·?†·?£·?ù ·?≠·??·?´·?´·?ç ·?´·?≥·çç·?´·?ç·ç¢·??app ·?®·??·?£·?ç ·??·?≠ ·?†·??·?µ·?? ·?®·?∞·?†·?? ·?ê·?ç ·?®·??·??·?µ·??·?ç·ç¢,1,11/12/2024,Bank of Abyssinia,Google Play,0,Neutral
"thank you for your social services like, vertual banking, non touch ATM, Cadrless and withdrwal with out passbook...",5,11/12/2024,Bank of Abyssinia,Google Play,0.6124,Positive
The worst App i have never seen like this before,1,11/12/2024,Bank of Abyssinia,Google Play,-0.7359,Negative
Wweeeer,4,11/12/2024,Bank of Abyssinia,Google Play,0,Neutral
Infinx,5,11/12/2024,Bank of Abyssinia,Google Play,0,Neutral
Great service,5,11/12/2024,Bank of Abyssinia,Google Play,0.6249,Positive
This app is not available on all android versions and some times it is not functional.,1,11/8/2024,Bank of Abyssinia,Google Play,0,Neutral
senayt Mesfin,4,11/8/2024,Bank of Abyssinia,Google Play,0,Neutral
Bad app vety bad.,1,11/7/2024,Bank of Abyssinia,Google Play,-0.7906,Negative
Abessnya Banke,5,11/5/2024,Bank of Abyssinia,Google Play,0,Neutral
"The most useless app, I never expected such an irrelevant app from BOA. big shame!",1,11/4/2024,Bank of Abyssinia,Google Play,-0.7569,Negative
Okay,5,11/3/2024,Bank of Abyssinia,Google Play,0.2263,Positive
Professional on banking app,5,11/1/2024,Bank of Abyssinia,Google Play,0,Neutral
Has some nice interface but always freezes or slow to load .App developers please fix this issue.,3,10/27/2024,Bank of Abyssinia,Google Play,0.5719,Positive
·?†·?≠·?∞·?´·?ù ·?†·?µ·?∞·?´·?≠·??·?µ,5,10/26/2024,Bank of Abyssinia,Google Play,0,Neutral
Please try another because this app doesn't feet the need of this generation,1,10/25/2024,Bank of Abyssinia,Google Play,0.3182,Positive
Fast transfer,5,10/24/2024,Bank of Abyssinia,Google Play,0,Neutral
"What's up I can't log in, what's wrong",5,10/22/2024,Bank of Abyssinia,Google Play,-0.4767,Negative
Amrumehamed,1,10/21/2024,Bank of Abyssinia,Google Play,0,Neutral
"Nice to meet you my proud bank in Ethiopia.. I'm a member of this bank, i need to solve my problem of international receiving money for me from my online digital working service's over the world please? I'm working a lot of international money.But i can't get direct in Ethiopia because of don't knowing the legal ways of getting money in Ethiopia please can I get and direct deposit with BoA please ??è??è??è?",5,10/18/2024,Bank of Abyssinia,Google Play,0.8717,Positive
·?∞·?∞·??·?ê·?ê,5,10/15/2024,Bank of Abyssinia,Google Play,0,Neutral
"Terrible Bank Experience It‚??s unbelievable that with all the modern technology, this bank still struggles with even basic transactions. The app constantly crashes, services are limited, and every time I try to transfer money or load Telebirr, there‚??s a huge delay. I have to wait 5 days for failed transactions to be refunded! Even USSD is unreliable. They‚??ve put me in embarrassing situations countless times, and customer care never fixes anything. I‚??ve switched banks, and you should too!",1,10/14/2024,Bank of Abyssinia,Google Play,-0.8395,Negative
A painfully slow banking app service. Please don't make it your choice!,1,10/13/2024,Bank of Abyssinia,Google Play,-0.3382,Negative
Good App,4,10/12/2024,Bank of Abyssinia,Google Play,0.4404,Positive
Best app to me,5,10/11/2024,Bank of Abyssinia,Google Play,0.6369,Positive
BOA,5,10/11/2024,Bank of Abyssinia,Google Play,0,Neutral
Abdulkadir,5,10/11/2024,Bank of Abyssinia,Google Play,0,Neutral
Bad,1,10/10/2024,Bank of Abyssinia,Google Play,-0.5423,Negative
If it is possible I would gove0 star,1,10/8/2024,Bank of Abyssinia,Google Play,0,Neutral
Nise mobile bankig,4,10/5/2024,Bank of Abyssinia,Google Play,0,Neutral
Overall good app but performance needs some improvement also sometimes when using instant other bank transfers it refuses causing to be repeated several times to transfer,4,10/4/2024,Bank of Abyssinia,Google Play,0.714,Positive
Ok,5,10/4/2024,Bank of Abyssinia,Google Play,0.296,Positive
Just make it work please?§£ this is embarrassing for a bank of your size,1,10/4/2024,Bank of Abyssinia,Google Play,0.4404,Positive
Update to the simplest way it requires the developer option on and off why this is,5,10/4/2024,Bank of Abyssinia,Google Play,0,Neutral
"Stop telling me what to do with my phone, BOA. Why does your newly updated app keep asking me to disable the developer options? I‚??m not slowing down my phone just to use your God damn app. ?§Æ?§Æ?§Æ?§Æ",1,10/4/2024,Bank of Abyssinia,Google Play,-0.4215,Negative
I'm living out of country how may I download and use mobile banking? It asks me the Ethiopia phone number and I can't receive text to confirm because I'm out side the country. So please lete know if I can use while I'm outside the country. Thanks,1,10/4/2024,Bank of Abyssinia,Google Play,0.7344,Positive
Worest app,1,10/3/2024,Bank of Abyssinia,Google Play,0,Neutral
The worest app ever,1,10/3/2024,Bank of Abyssinia,Google Play,0,Neutral
·?†·?™·çç ·?ê·?ç ·?†·?≠·?±·?ç·??,5,10/3/2024,Bank of Abyssinia,Google Play,0,Neutral
Wwwerrr,5,10/2/2024,Bank of Abyssinia,Google Play,0,Neutral
·??·??·?ç ·?ç·??·?±,5,9/30/2024,Bank of Abyssinia,Google Play,0,Neutral
Great For Financial company,5,9/30/2024,Bank of Abyssinia,Google Play,0.6249,Positive
Very easy to use,5,9/30/2024,Bank of Abyssinia,Google Play,0.4927,Positive
The App's crash always.. Error.....,3,9/27/2024,Bank of Abyssinia,Google Play,-0.6597,Negative
This app is incredibly frustrating to use. It‚??s filled with issues that make it difficult to navigate and complete tasks efficiently. I‚??ve never encountered such a poorly designed banking application before. It needs significant improvements to enhance user experience. It deserves a vey low rating.,1,9/26/2024,Bank of Abyssinia,Google Play,-0.2484,Negative
Great UI and seamless UX. I love it!!,5,9/25/2024,Bank of Abyssinia,Google Play,0.8715,Positive
That's too good application but try to add more alternatives and futures or possibilitys for your customers,3,9/25/2024,Bank of Abyssinia,Google Play,0.2382,Positive
It's easy used to operate program and secured ??ç??ç,4,9/25/2024,Bank of Abyssinia,Google Play,0.6808,Positive
I bought a mobile card on this app but I didn't receive it and it took my money and I didn't get my money back.,1,9/21/2024,Bank of Abyssinia,Google Play,0,Neutral
Amazing,5,9/19/2024,Bank of Abyssinia,Google Play,0.5859,Positive
Great app with great services,5,9/19/2024,Bank of Abyssinia,Google Play,0.8481,Positive
Yes active user,5,9/17/2024,Bank of Abyssinia,Google Play,0.6597,Positive
Shameful,1,9/17/2024,Bank of Abyssinia,Google Play,-0.4939,Negative
The worest app ever made i would not recommende for no one,1,9/16/2024,Bank of Abyssinia,Google Play,0.2235,Positive
Good application,5,9/16/2024,Bank of Abyssinia,Google Play,0.4404,Positive
"How many hours should I wait after transferring money to telebirr, please do something about the transfer delay issue I need my money when ever.",1,9/15/2024,Bank of Abyssinia,Google Play,0,Neutral
"BOA is unreasonably holding and delaying transactions for more than a day, even transactions within the same bank itself. This is a huge gap that I observed in BOA mobile banking. I didn't experience this kind of challenge while having transactions in other banks' mobile banking platforms. After waiting so long, I called your customer support team and the response they gave me was ""it was the system that holds the transaction & will be released on working days"". This is not totally fair.",1,9/15/2024,Bank of Abyssinia,Google Play,0.4269,Positive
·?®·?•·?≠·?µ·??·?? ·?∞·??·?≠·?Æ ·?≠·?ç·??·?π (·?†·??·?´·?≠),5,9/14/2024,Bank of Abyssinia,Google Play,0,Neutral
It's not working. It needs a big update. Can't you update the app quickly?,1,9/14/2024,Bank of Abyssinia,Google Play,0,Neutral
"I am Aimohon Joel , It's can be Good for a Better Conversation in Time ???",3,9/14/2024,Bank of Abyssinia,Google Play,0.818,Positive
"Better app than most mobile apps, but why do I have to turn off developer option every time I wanna use the app?? It's annoying.",1,9/13/2024,Bank of Abyssinia,Google Play,-0.4515,Negative
Bes and freindly app,5,9/13/2024,Bank of Abyssinia,Google Play,0,Neutral
It doesn't work.,1,9/12/2024,Bank of Abyssinia,Google Play,0,Neutral
It say "The request was not successful. please check device connectivity or try again" why? One of the bank manager told me it is because of my phone's android version which is 9.1 It is ridiculous! Disappointing,1,9/11/2024,Bank of Abyssinia,Google Play,-0.8758,Negative
How to download or screenshot of payment receipt...what kinda worst app ever ?§Æ?§Æ?§¢,1,9/11/2024,Bank of Abyssinia,Google Play,-0.5868,Negative
Smart technology,5,9/10/2024,Bank of Abyssinia,Google Play,0.4019,Positive
Yegema app tish?™®,1,9/8/2024,Bank of Abyssinia,Google Play,0,Neutral
"This is not an appropriate app, i don't know how boa develops this app, i don't expect this much crazy and un confortable app form BOA, I'm soory!!!",1,9/7/2024,Bank of Abyssinia,Google Play,-0.5067,Negative
"Shockingly bad! Even when it decides to work, it's painfully slow and frustrating. Such a shame that it has become a stain on an extraordinary bank",1,9/6/2024,Bank of Abyssinia,Google Play,-0.9312,Negative
"It crashes frequently. It launches on Android 8.1 but I don't think it actually works on versions less than 10. If so, it shouldn't be available for download by such devices to begin with, like many other finance apps are not. It was so much better three months ago, upgrades should be for the better.",1,9/6/2024,Bank of Abyssinia,Google Play,0.9075,Positive
Awesome application. But lately its crashing everytime i opened it.,4,9/5/2024,Bank of Abyssinia,Google Play,0.3716,Positive
·?•·??·?ù ·?†·?£·?ù ·?∞·?´·?? ·?†·ç? ·?ê·?ç ·?≤·ç?·?ç·?ç ·?≠·?®·çç·?≥·?ç ·?≤·ç?·?ç·?ç ·?†·?≠·?®·çç·?µ·?ù ·?®·?†·??·?Ω ·?•·?? ·??·?ç·?µ ·?£·??·?≠ ·?®·??·?≥·?∞·?? ·?£·??·?Æ·?Ω ·?≤·??·?≥·?∞·?≠ ·??·?£·?≠·?ç ·?£·??·?™·??·?ç App ·?•·??·?ç ·?®·??·?´·?†·?≥·?≠ ·?ê·?ç ·??·?ç·?• ·?´·?µ·ç?·?ç·??·?Ω·??·?ç,1,9/5/2024,Bank of Abyssinia,Google Play,0,Neutral
Fast one,3,9/4/2024,Bank of Abyssinia,Google Play,0,Neutral
Nice looking app but a terrible user experience.,1,9/3/2024,Bank of Abyssinia,Google Play,-0.5023,Negative
The worest MB app ever!!???,1,9/2/2024,Bank of Abyssinia,Google Play,0,Neutral
It is ok,5,9/1/2024,Bank of Abyssinia,Google Play,0.296,Positive
Plz fix the Apps ....screenshot lovation hide from glarey share botten not work??????,1,8/30/2024,Bank of Abyssinia,Google Play,0.2211,Positive
Apollo's,1,8/29/2024,Bank of Abyssinia,Google Play,0,Neutral
The worst experience ever,1,8/29/2024,Bank of Abyssinia,Google Play,-0.6249,Negative
Hussenaliumar,5,8/29/2024,Bank of Abyssinia,Google Play,0,Neutral
Hi I have problem with this App BOA mobile I don't know what is wrong with this App I did many times download but it's sam doesn't work if sam like that this app way I have to be customer with them how I know my account and checking save The book is no Not enough alone,1,8/28/2024,Bank of Abyssinia,Google Play,0.6072,Positive
It is not work for my device,5,8/27/2024,Bank of Abyssinia,Google Play,0,Neutral
"I'm Sick and tiered of enabling and disabling Developer Option Everytime I use this app. maybe you know it maybe you dont, fix it please it's anoying",1,8/26/2024,Bank of Abyssinia,Google Play,-0.8106,Negative
The worst app ever,1,8/26/2024,Bank of Abyssinia,Google Play,-0.6249,Negative
Betanya Gebre,3,8/23/2024,Bank of Abyssinia,Google Play,0,Neutral
I dont recommand it to any one,1,8/23/2024,Bank of Abyssinia,Google Play,0,Neutral
Excellent app,5,8/21/2024,Bank of Abyssinia,Google Play,0.5719,Positive
"The application used to work well. But after updates I'm not able to use the forgot password feature, which is blocking me from accessing it as a whole.",1,8/20/2024,Bank of Abyssinia,Google Play,-0.431,Negative
·?µ·?≠·??·?µ,5,8/19/2024,Bank of Abyssinia,Google Play,0,Neutral
Gio,4,8/19/2024,Bank of Abyssinia,Google Play,0,Neutral
App isn't working,1,8/18/2024,Bank of Abyssinia,Google Play,0,Neutral
so far good but always it lugs,3,8/17/2024,Bank of Abyssinia,Google Play,0.2707,Positive
Don't trust this bank and its service.,1,8/16/2024,Bank of Abyssinia,Google Play,-0.4023,Negative
"I can not open and use the application,please help me!",5,8/15/2024,Bank of Abyssinia,Google Play,0.4574,Positive
Horrible,1,8/14/2024,Bank of Abyssinia,Google Play,-0.5423,Negative
Mostly not working ???,1,8/14/2024,Bank of Abyssinia,Google Play,0,Neutral
Awesome ???,5,8/12/2024,Bank of Abyssinia,Google Play,0.8816,Positive
"Despite the enhanced technology you have, the application doesn't work properly, and it asks for the developer option to be turned off, fix that.",3,8/12/2024,Bank of Abyssinia,Google Play,0,Neutral
Very poor app b/c highly slow to open the app,1,8/12/2024,Bank of Abyssinia,Google Play,-0.5256,Negative
Wedi Tekle .,5,8/11/2024,Bank of Abyssinia,Google Play,0,Neutral
Bad app??±?????????,1,8/11/2024,Bank of Abyssinia,Google Play,-0.5423,Negative
Dura nan fayyadaman ture amma garuu naaf hojjechaa hin jiru maaf?,5,8/11/2024,Bank of Abyssinia,Google Play,0,Neutral
Nice appp,5,8/11/2024,Bank of Abyssinia,Google Play,0.4215,Positive
·?∞·??·?ù ·?†·?¢·?≤·??·?´·??·?Ω ·?®·??·?£·?≠·?ç ·?£·??·?™·??·??·?Ω·?Å ·?∞·?†·??·?? ·?ê·?ù ·?†·??·?ç·?ç·??·?±·?? ·?µ·??·?µ·??·??·?´·?Ω·?Å·??·?? ·?•·??·??·?∞·?ç·??·??·??·ç¢ ·?ê·??·?≠ ·?ç·?? ·?†·??·ç? ·?†·?ç·ç? ·?®·?ê·?†·?®·?ç ·?®·??·?µ·ç?·??·?†·?™·?´·?ç ·?†·?†·?ç·?£·?° ·?†·??·??·?µ·?´·?µ ·?†·?ç·ç? ·?†·?ç·ç? ·??·?∞·??·?µ·?´·?µ ·?∞·??·?≠·?Ø·?ç ·?µ·?Æ ·?•·??·?∞·?ê·?†·?´·?Ω·?Å ·?•·??·?ç·??·??·?? ·??·??·?µ·?Æ·?ù ·?•·?µ·??·?©·?ç·?? ·?•·??·??·?≠·?£·??·?? *·?®·??·??·?? ·?†·??·??·?∞·?ç*,3,8/10/2024,Bank of Abyssinia,Google Play,0,Neutral
Gooood app my dear,5,8/10/2024,Bank of Abyssinia,Google Play,0.3818,Positive
Harun tamam galanaa,3,8/9/2024,Bank of Abyssinia,Google Play,0,Neutral
"A total disaster of an app. Always offline, never works, it's embarassing. I've lost hope and taken my business to a competitor",1,8/8/2024,Bank of Abyssinia,Google Play,-0.6478,Negative
Gamebela,1,8/8/2024,Bank of Abyssinia,Google Play,0,Neutral
so poor app to use can't start up when open the app,1,8/8/2024,Bank of Abyssinia,Google Play,-0.5256,Negative
"This app takes too long time to be opened. And even it is not working simply as other banks application. Why this app does not give a digital invoice. Even, I am not able to find where the screeshot is kept after transaction. So, please the developer should fix all these.",1,8/7/2024,Bank of Abyssinia,Google Play,0.3182,Positive
Good job,5,8/7/2024,Bank of Abyssinia,Google Play,0.4404,Positive
"Worst app ever, not user friendly, even doesn't serve basic functionality correctly, takes to much time to login and navigate through the app, we expected more from this bank",1,8/7/2024,Bank of Abyssinia,Google Play,-0.7736,Negative
Bad app .,1,8/6/2024,Bank of Abyssinia,Google Play,-0.5423,Negative
"I mean how could a big financial company like this, be this much irresponsible to release this app? You should be ashamed!",1,8/6/2024,Bank of Abyssinia,Google Play,-0.5848,Negative
Review,5,8/6/2024,Bank of Abyssinia,Google Play,0,Neutral
Goood,4,8/6/2024,Bank of Abyssinia,Google Play,0,Neutral
???????????????????????????,1,8/6/2024,Bank of Abyssinia,Google Play,0,Neutral
Is it necessary to switch off developer options every time to use mobile banking??§??§???°??°??°,1,8/4/2024,Bank of Abyssinia,Google Play,0,Neutral
The previous version is better it doesn't work,1,8/4/2024,Bank of Abyssinia,Google Play,0.4404,Positive
"I don't know what is wrong with BOA as a bank in general. It's been going backwards since last year or so. The app is a disaster to use in every possible way. Not stable to log in and very slow to perform transactions, couldn't take a screenshot (or can't even find the pictures even using its save screenshot option). Most of the time, it fails to perform transactions and so on. Simply, it's the worst!",1,8/3/2024,Bank of Abyssinia,Google Play,-0.9198,Negative
"Take some note from CBE mobile banking app, it's the best banking app currently take some note and improve ur app . Sometimes u have to learn from the bests ???",1,8/3/2024,Bank of Abyssinia,Google Play,0.7964,Positive
It's a useless app,1,8/2/2024,Bank of Abyssinia,Google Play,-0.4215,Negative
"It's not working as it was , so much need to improve, it was the best but not anymore",2,8/1/2024,Bank of Abyssinia,Google Play,0.5499,Positive
Poor network,1,8/1/2024,Bank of Abyssinia,Google Play,-0.4767,Negative
Not yet completely working this App. i don't know when is it will be working properly! Its Sad!!!,1,7/31/2024,Bank of Abyssinia,Google Play,-0.6449,Negative
The app does not open sometimes it says coonection issue which i dont have and after it opens it has bugs while using its not smooth to work with please improve it,1,7/31/2024,Bank of Abyssinia,Google Play,0.6369,Positive
"It's not working totally, what a useless app is it,",1,7/31/2024,Bank of Abyssinia,Google Play,-0.4703,Negative
"This app has become the most troubling every day. It doesn't work. I love the bank, and I hate the app",1,7/31/2024,Bank of Abyssinia,Google Play,-0.897,Negative
this is so disappointing app ???,1,7/31/2024,Bank of Abyssinia,Google Play,-0.8166,Negative
·?†·?¢·?µ·??·?´ ·?®·?Å·??·?ù ·?ù·?≠·?´,5,7/29/2024,Bank of Abyssinia,Google Play,0,Neutral
Nays,5,7/28/2024,Bank of Abyssinia,Google Play,0,Neutral
The worst app,1,7/28/2024,Bank of Abyssinia,Google Play,-0.6249,Negative
it can't even open and only display error messages,1,7/27/2024,Bank of Abyssinia,Google Play,-0.4019,Negative
not active,1,7/27/2024,Bank of Abyssinia,Google Play,-0.3089,Negative
To get good quality,5,7/27/2024,Bank of Abyssinia,Google Play,0.4404,Positive
·?†·?≠·?∞·?´·?ù ·?•·?Æ ·?ù·??·?µ·?? ·?ê·?ç ·?Ω·?ç·?©?,1,7/26/2024,Bank of Abyssinia,Google Play,0,Neutral
uselss app dont download,1,7/26/2024,Bank of Abyssinia,Google Play,0,Neutral
"Is this app fake i try it not working it say please try again later, unable to make transactions what is the purpose of this app . If it is not working delete it",1,7/25/2024,Bank of Abyssinia,Google Play,-0.2023,Negative
"This app didn't work. They have a new version (new app) but still not compatible with my Samsung S8 , which is v.funny.",1,7/25/2024,Bank of Abyssinia,Google Play,0,Neutral
Corrupted and poor app,1,7/24/2024,Bank of Abyssinia,Google Play,-0.4767,Negative
When I try to use the application it says 'developer setting should be off' where is the setting to off this play Still doesn't work for me,3,7/24/2024,Bank of Abyssinia,Google Play,0.4118,Positive
FIX YOUR Apollo!! You guys where the best ???,1,7/23/2024,Bank of Abyssinia,Google Play,0.8983,Positive
Always slow and doesn't work on weekends if you are in a rush or a merchant this app is not for you,1,7/23/2024,Bank of Abyssinia,Google Play,0,Neutral
"It's very difficult to use the user, app,ones dawenload the user can't operate well , no one can help me,",1,7/23/2024,Bank of Abyssinia,Google Play,-0.4779,Negative
Poor application. It turned off by itself,1,7/23/2024,Bank of Abyssinia,Google Play,-0.4767,Negative
Allowed,5,7/23/2024,Bank of Abyssinia,Google Play,0,Neutral
It usually crashes and the reason it gives is a problem on internet connection although the internet was fine.,1,7/23/2024,Bank of Abyssinia,Google Play,-0.2263,Negative
we want international mobile banking,1,7/22/2024,Bank of Abyssinia,Google Play,0.0772,Positive
"screenshot isn't working, Please modify it",2,7/22/2024,Bank of Abyssinia,Google Play,-0.2411,Negative
Naziriet measho 89160437,1,7/22/2024,Bank of Abyssinia,Google Play,0,Neutral
Ahmed Mohammed husen,3,7/21/2024,Bank of Abyssinia,Google Play,0,Neutral
Is not working both this one and apollo did u make it better pls am gonne stop using this bank because of the mobile banking,1,7/19/2024,Bank of Abyssinia,Google Play,0.25,Positive
I have experiance,5,7/19/2024,Bank of Abyssinia,Google Play,0,Neutral
The App is not working on Android 9.1 at all. It shows an error notification and forcefully closes the app. Must be fixed ASAP.,1,7/19/2024,Bank of Abyssinia,Google Play,-0.4019,Negative
Crashes very frequently is not stable overall need improvement such a huge bank needs a better app than the current one,1,7/19/2024,Bank of Abyssinia,Google Play,0.744,Positive
·?≠·?≠·?≠·çç,3,7/19/2024,Bank of Abyssinia,Google Play,0,Neutral
The previous application is much better than this one,1,7/18/2024,Bank of Abyssinia,Google Play,0.4404,Positive
"Worst app. It is wise to invest money and you can make it like CBE app. Even the incon has no image. My app has better UI than yours. So, please invest more and hire professional developer companies and improve it.",1,7/18/2024,Bank of Abyssinia,Google Play,0.7506,Positive
mal,5,7/16/2024,Bank of Abyssinia,Google Play,0,Neutral
It is not working at all,1,7/16/2024,Bank of Abyssinia,Google Play,0,Neutral
The poorest mobile banking survice ever. Only error reports frequently,1,7/16/2024,Bank of Abyssinia,Google Play,-0.7351,Negative
????????????,1,7/16/2024,Bank of Abyssinia,Google Play,-0.9081,Negative
??°??°??°??°??°??°??°,1,7/15/2024,Bank of Abyssinia,Google Play,0,Neutral
The worst banking app,1,7/15/2024,Bank of Abyssinia,Google Play,-0.6249,Negative
The app is constantly crashing and freezing when to send to BOA customers' accounts.,1,7/15/2024,Bank of Abyssinia,Google Play,-0.1027,Negative
No work app,5,7/15/2024,Bank of Abyssinia,Google Play,-0.296,Negative
Is ok but stop sundenly,5,7/15/2024,Bank of Abyssinia,Google Play,-0.296,Negative
?§∑?§∑?§∑,3,7/15/2024,Bank of Abyssinia,Google Play,0,Neutral
experienced,5,7/14/2024,Bank of Abyssinia,Google Play,0,Neutral
Very poor app. Its Always cresh and not compatible,2,7/13/2024,Bank of Abyssinia,Google Play,-0.5256,Negative
It's not functional at all. It keeps saying "error". Unable to activate.,1,7/13/2024,Bank of Abyssinia,Google Play,-0.4019,Negative
I can't believe that Abyssinia develop this kind of trash app it have a lot of issues ?????????,1,7/13/2024,Bank of Abyssinia,Google Play,0,Neutral
The new app is very good,5,7/13/2024,Bank of Abyssinia,Google Play,0.4927,Positive
It's very good but sometimes isn't work probably,5,7/12/2024,Bank of Abyssinia,Google Play,0.2724,Positive
It doesn't work,1,7/12/2024,Bank of Abyssinia,Google Play,0,Neutral
·?≠·?´·?Ω ·?†·?≠·?ê·ç?·?ù,1,7/12/2024,Bank of Abyssinia,Google Play,0,Neutral
"This is the most stupid app I've seen, why would I turn off developer mode just because you can't make your app secure, this clearly indicates the app has very poor implementation and unskilled developers.. There are a lot of people who need developer option for different reasons. Please for the sake of the bank, fix this thing... Even the most secure international banking apps don't require it. Not to mention the lag and crashes",1,7/12/2024,Bank of Abyssinia,Google Play,0.0083,Neutral
The worst mobile banking app,1,7/11/2024,Bank of Abyssinia,Google Play,-0.6249,Negative
It is not fast,3,7/11/2024,Bank of Abyssinia,Google Play,0,Neutral
Useless,1,7/11/2024,Bank of Abyssinia,Google Play,-0.4215,Negative
The app keeps crashing it stops responding while I'm using it or trying to open the app. Now I have to go to the bank in person to do any banking activities. In short it is the worst mobile banking system in Ethiopia,1,7/11/2024,Bank of Abyssinia,Google Play,-0.6908,Negative
·??·?®,5,7/10/2024,Bank of Abyssinia,Google Play,0,Neutral
Too late!,1,7/10/2024,Bank of Abyssinia,Google Play,0,Neutral
No work,5,7/10/2024,Bank of Abyssinia,Google Play,-0.296,Negative
"Pretty good for a banking app, it still lacks some things with in the ui and with the speed of the app but overall it's a good application. Thank you 5/5??ç?èª",5,7/9/2024,Bank of Abyssinia,Google Play,0.8793,Positive
After update it doesn't work well,2,7/9/2024,Bank of Abyssinia,Google Play,-0.2057,Negative
Error occurred try again for 5 days tele birr user not found ·??·?´·?¥ ·?†·?ù·?§,1,7/8/2024,Bank of Abyssinia,Google Play,-0.4019,Negative
Good but Very slow.,1,7/8/2024,Bank of Abyssinia,Google Play,0.2382,Positive
Very good app,5,7/7/2024,Bank of Abyssinia,Google Play,0.4927,Positive
"It is so bad apps ,it doesn't work",1,7/6/2024,Bank of Abyssinia,Google Play,-0.6696,Negative
"From now on I will never going to use this app,It is a trash app.No one care about this app from bank I will rate them 0/5.",1,7/6/2024,Bank of Abyssinia,Google Play,0.4939,Positive
It usually crashes and unable to process also it request to off the developer options,1,7/5/2024,Bank of Abyssinia,Google Play,0,Neutral
Miliyone.,5,7/5/2024,Bank of Abyssinia,Google Play,0,Neutral
Workneh girmamo,5,7/5/2024,Bank of Abyssinia,Google Play,0,Neutral
??è??è??è,5,7/5/2024,Bank of Abyssinia,Google Play,0,Neutral
"I can't believe in this day and age, one of the major banks of the country can't seem to understand that having a working mobile payment option is a **MUST** to survive. I have decided to move my accounts to CBE and Awash because of this. Can't be bothered with this useless app.",1,7/4/2024,Bank of Abyssinia,Google Play,-0.2115,Negative
Is it even working these days? Please check it.,1,7/4/2024,Bank of Abyssinia,Google Play,0.3182,Positive
"The app is essentially unusable, it asks to disable developer mode even when it is already disabled and crashes, sometimes it only works with wifi and sometimes only with data, or it crashes just because.......",1,7/4/2024,Bank of Abyssinia,Google Play,0,Neutral
Please make it functional.,5,7/3/2024,Bank of Abyssinia,Google Play,0.3182,Positive
its best app but its don't working in poor connection area so,5,7/3/2024,Bank of Abyssinia,Google Play,0.7123,Positive
Please Recover thank you,5,7/2/2024,Bank of Abyssinia,Google Play,0.5859,Positive
This app doesn't work,1,6/30/2024,Bank of Abyssinia,Google Play,0,Neutral
"the app used to run fine, but now it takes like forever to even open the main dashboard and sometimes it just crashes on its own. you guys gotta step it up. we need this app to be way faster",1,6/27/2024,Bank of Abyssinia,Google Play,0.5647,Positive
the underrated app I've ever seen and ur banking system is Soo Idiocracy,1,6/27/2024,Bank of Abyssinia,Google Play,0,Neutral
It demands to disable developer option.,1,6/27/2024,Bank of Abyssinia,Google Play,0,Neutral
"It's been two months now, I cannot do any transaction using this app. It's really disappointing. I am using bank of Abyssinia currently because it's the nearest bank to my work place. The bank is turning to the worst bank in the country day by day. They always respond to customers that they are updating their system all year long, I think that's what they train their customer service operators to do.",1,6/26/2024,Bank of Abyssinia,Google Play,-0.8221,Negative
Open Open service,5,6/26/2024,Bank of Abyssinia,Google Play,0,Neutral
·?†·ç? ·?†·?£·?ù ·?†·?µ·?∏·??·?™ ·??·??·?ç,1,6/25/2024,Bank of Abyssinia,Google Play,0,Neutral
Its not working.,1,6/24/2024,Bank of Abyssinia,Google Play,0,Neutral
"Riddled with crashes, cant use it anymore. Very frustrating!",1,6/20/2024,Bank of Abyssinia,Google Play,-0.54,Negative
Always error occured. The worst app ever,1,6/20/2024,Bank of Abyssinia,Google Play,-0.7783,Negative
·?®·??·?? ·?µ·?ç·?? ·?£·??·?≠ ·?®·??·?≠·?†·?†·?? ·?µ·??·?ù·?ù·?ù·?ù ·?´·?? App.... ·??·?ç·?ç·?ç ·?ê·?ç ·?´·?®·??·?ù ??°??°??°,1,6/20/2024,Bank of Abyssinia,Google Play,0,Neutral
Excellent service,5,6/19/2024,Bank of Abyssinia,Google Play,0.5719,Positive
It's not convenient,1,6/17/2024,Bank of Abyssinia,Google Play,0,Neutral
meskelu Metku,5,6/17/2024,Bank of Abyssinia,Google Play,0,Neutral
Verry nice,5,6/17/2024,Bank of Abyssinia,Google Play,0.4215,Positive
It has become the most unreliable mibile banking app ever.,1,6/16/2024,Bank of Abyssinia,Google Play,0,Neutral
"·?†·??·?ç·?¨·?Ω·?? ·?†·?Å·??·?ù ·?ê·??·?≠ ·?•·?© ·?ê·??,·?ê·??·?≠ ·?ç·?? Network ·?†·?£·?ù ·?ê·?? ·?•·??·?´·?µ·?∏·??·?®·?ç",2,6/13/2024,Bank of Abyssinia,Google Play,0,Neutral
The poorest mobile banking I have seen in the industry. Is not stable to login and post transactions. Is not attractive. Error reports frequently.,5,6/13/2024,Bank of Abyssinia,Google Play,-0.6742,Negative
Really Bank,5,6/12/2024,Bank of Abyssinia,Google Play,0,Neutral
I like the the bank of Abyssinia is the best first bank of Ethiopia,1,6/11/2024,Bank of Abyssinia,Google Play,0.7717,Positive
The app is not good need a few work,3,6/11/2024,Bank of Abyssinia,Google Play,-0.3412,Negative
"The worst mob app i have ever seen. Slow, uncomfortable and stupid. It is better to learn from the best app (tele birr). The released updates is even worst.",1,6/11/2024,Bank of Abyssinia,Google Play,-0.7964,Negative
"Unreliable, expensive service. Most of the time, it is not working. Sometimes, it will take more than a day to complete transactions and charges more for this unworthy service. I will not recommend this bank app to anyone.",1,6/10/2024,Bank of Abyssinia,Google Play,-0.7929,Negative
You are beutiful,5,6/9/2024,Bank of Abyssinia,Google Play,0,Neutral
The best app,5,6/6/2024,Bank of Abyssinia,Google Play,0.6369,Positive
·?†·?≠·?∞·?´·?ù ·?†·ç? ·??·?ù·??·?µ·?ê·?ç,1,6/6/2024,Bank of Abyssinia,Google Play,0,Neutral
Awful,1,6/6/2024,Bank of Abyssinia,Google Play,-0.4588,Negative
Developer option to be off really,1,6/6/2024,Bank of Abyssinia,Google Play,0,Neutral
Good app boa,5,6/6/2024,Bank of Abyssinia,Google Play,0.4404,Positive
I'm disappointed with the recent changes to this app. Disabling developer options for functionality seems unnecessary. The previous version offered a more user-friendly experience.,1,6/6/2024,Bank of Abyssinia,Google Play,-0.7351,Negative
"Worest app, it cannot be downloaded",2,6/5/2024,Bank of Abyssinia,Google Play,0,Neutral
??≠??≠??≠??≠??≠??≠??≠,1,6/5/2024,Bank of Abyssinia,Google Play,-0.967,Negative
slow only some times the wey it is veary nice app,5,6/5/2024,Bank of Abyssinia,Google Play,0.4215,Positive
ok yes,5,6/4/2024,Bank of Abyssinia,Google Play,0.5994,Positive
It's nice apps,1,6/4/2024,Bank of Abyssinia,Google Play,0.4215,Positive
Wow! what a disgrace for BOA. The app barely works. Too slow and always returns error.,1,6/3/2024,Bank of Abyssinia,Google Play,-0.3382,Negative
Excited by your service,5,6/2/2024,Bank of Abyssinia,Google Play,0.34,Positive
Kerfafa new,1,6/1/2024,Bank of Abyssinia,Google Play,0,Neutral
ABDU MUDESR,2,6/1/2024,Bank of Abyssinia,Google Play,0,Neutral
"The worst mobile banking app! It doesn't load (seems like with the perfect WiFi and data connection it still manages to have network issues), when you finally get into the app, it makes it so hard more than it should be to send money.",1,5/31/2024,Bank of Abyssinia,Google Play,-0.5673,Negative
It is Good to save time ??????,3,5/31/2024,Bank of Abyssinia,Google Play,0.9543,Positive
"I'm sorry but what kind of stupid developer thinks the app will be faster if we disable ""Developer mode""? I've never seen such degeneracy in my entire life, please get rid of this feature",1,5/30/2024,Bank of Abyssinia,Google Play,-0.5006,Negative
What is the purpose or point of not allowing to take a screenshot of the recipe after transferring???,1,5/29/2024,Bank of Abyssinia,Google Play,0,Neutral
Ayseram,1,5/28/2024,Bank of Abyssinia,Google Play,0,Neutral
Worst banking app ever,1,5/28/2024,Bank of Abyssinia,Google Play,-0.6249,Negative
not bad,1,5/26/2024,Bank of Abyssinia,Google Play,0.431,Positive
I can't use the app unless I turn off developer mode?? What kind of stupid rule is that?? The worst experience for a banking app!!,1,5/26/2024,Bank of Abyssinia,Google Play,-0.8844,Negative
I like this mobile banking app very much. Overall user interface and navigation is awesome. But it lacks instant response when someone deposit or withdraw money.,2,6/7/2025,Dashen Bank,Google Play,0.5106,Positive
love,3,6/6/2025,Dashen Bank,Google Play,0.6369,Positive
·??·?∏·?∏·?†,5,6/3/2025,Dashen Bank,Google Play,0,Neutral
gadaa,5,6/1/2025,Dashen Bank,Google Play,0,Neutral
Massive upgrade from the Amole app.,5,5/31/2025,Dashen Bank,Google Play,0,Neutral
very good for this app,5,5/31/2025,Dashen Bank,Google Play,0.4927,Positive
top,5,5/31/2025,Dashen Bank,Google Play,0.2023,Positive
this app better than Amole . but the biometric on new update doesn't work,4,5/31/2025,Dashen Bank,Google Play,0.2382,Positive
wow to it saff and this app,5,5/30/2025,Dashen Bank,Google Play,0.5859,Positive
it too slow,3,5/29/2025,Dashen Bank,Google Play,0,Neutral
·?≥·?Ω·?? ·?£·??·?≠ ·?≠·??·?´·?ç,4,5/28/2025,Dashen Bank,Google Play,0,Neutral
real life changer,5,5/28/2025,Dashen Bank,Google Play,0,Neutral
nice application,5,5/27/2025,Dashen Bank,Google Play,0.4215,Positive
useless app ever loading take long,1,5/27/2025,Dashen Bank,Google Play,-0.4215,Negative
"Game changer app! Dashen Bank Super App is fast, secure, and easy to use. The three-click payment makes sending money super quick, and the QR code payment is perfect for cashless shopping. I also love the biometric login and easy airtime and bill payments. Everything I need is in one place. Dashen Bank has really raised the bar for digital banking in Ethiopia. Highly recommended!",5,5/26/2025,Dashen Bank,Google Play,0.979,Positive
very useful App,1,5/26/2025,Dashen Bank,Google Play,0.4927,Positive
"Simple, robust features? Yes, please! But the endless loading screen killed the fun‚??I couldn‚??t use it for days. Fix the glitch, and I‚??ll yeet a higher rating!",2,5/26/2025,Dashen Bank,Google Play,-0.6842,Negative
Wawww,5,5/24/2025,Dashen Bank,Google Play,0,Neutral
it is good but some times says duplicate transaction why?,5,5/24/2025,Dashen Bank,Google Play,0.2382,Positive
very Nice,5,5/23/2025,Dashen Bank,Google Play,0.4754,Positive
its best,5,5/23/2025,Dashen Bank,Google Play,0.6369,Positive
it is not as good as to the other mobile bank app.,1,5/22/2025,Dashen Bank,Google Play,-0.3412,Negative
"The best of best is now arrived **Empowering Your Financial Freedom** ""Experience seamless banking at your fingertips with Dashen Bank. Empowering your financial freedom, anytime, anywhere!"" **Innovation Meets Convenience** ""Dashen Bank Mobile Banking: Where innovation meets convenience. **Secure and Reliable** ""Bank with confidence",5,5/22/2025,Dashen Bank,Google Play,0.9817,Positive
Nothing is changed in the updated version. You have been collecting comments but where is the feed back you improved in this version. superapp is mot functioning today.,4,5/20/2025,Dashen Bank,Google Play,0.631,Positive
The best app ever in finance sector,5,5/18/2025,Dashen Bank,Google Play,0.6369,Positive
Its good app than other compitators but it confuse when we transfer it needs OTP and PIN most user inter their pin instead of OTP we know the litrecy level of our society so if it is device based i dont know the needs of OTP so please try to fix,3,5/18/2025,Dashen Bank,Google Play,0.5554,Positive
dashen bank or dashen super app?,1,5/17/2025,Dashen Bank,Google Play,0.5994,Positive
wowwwe app,5,5/17/2025,Dashen Bank,Google Play,0,Neutral
Transferring to other bank accounts is a hastle and inconvenient .Get used to seeing " please try again ",2,5/17/2025,Dashen Bank,Google Play,-0.0258,Neutral
always lagging,1,5/16/2025,Dashen Bank,Google Play,-0.2732,Negative
Amazing Application...,5,5/16/2025,Dashen Bank,Google Play,0.5859,Positive
"Dashen bank app is very good, but sometimes it is not working well",5,5/15/2025,Dashen Bank,Google Play,-0.0321,Neutral
its my choice,5,5/15/2025,Dashen Bank,Google Play,0,Neutral
wow apo,5,5/15/2025,Dashen Bank,Google Play,0.5859,Positive
awesome app keep going,5,5/14/2025,Dashen Bank,Google Play,0.6249,Positive
"It grows ethiopian digital banking step ahead.All fetures in one,simple fast and convince.",5,5/14/2025,Dashen Bank,Google Play,0.25,Positive
Game changer,5,5/13/2025,Dashen Bank,Google Play,0,Neutral
Totally amazing,5,5/13/2025,Dashen Bank,Google Play,0.624,Positive
super ???,5,5/13/2025,Dashen Bank,Google Play,0.7845,Positive
what a helpful app!!!!,5,5/13/2025,Dashen Bank,Google Play,0.6083,Positive
"To be honest, best banking and lifestyle app in Ethiopia.",5,5/12/2025,Dashen Bank,Google Play,0.8176,Positive
fast,5,5/12/2025,Dashen Bank,Google Play,0,Neutral
"A must have, seamless, all in one digital platform ""DB Superapp""! Keep living your motto ""Always one step ahead""",5,5/12/2025,Dashen Bank,Google Play,0,Neutral
"This App makes digital banking effortless and convenient. User-friendly interface, secure transactions, and excellent features for managing finances efficiently.",4,5/10/2025,Dashen Bank,Google Play,0.8316,Positive
Amazing app super easy to use and best design. loved it.,5,5/9/2025,Dashen Bank,Google Play,0.9623,Positive
its the best ever,5,5/9/2025,Dashen Bank,Google Play,0.6369,Positive
excellent game changer App,5,5/8/2025,Dashen Bank,Google Play,0.5719,Positive
I am highly excited by using this application and it is the most favorable as well as preferrable mobile app.,5,5/3/2025,Dashen Bank,Google Play,0.8151,Positive
it seems me logging out within minutes,1,5/3/2025,Dashen Bank,Google Play,0,Neutral
nice app especially GUI and I have got some error when you send within dashen bank the receipter is not get SMS notification,4,5/3/2025,Dashen Bank,Google Play,0.0258,Neutral
yes i want dashen super open,5,5/2/2025,Dashen Bank,Google Play,0.7845,Positive
Best App,5,5/2/2025,Dashen Bank,Google Play,0.6369,Positive
faster than this version,5,5/1/2025,Dashen Bank,Google Play,0,Neutral
"Best UI mobile banking app, props to design team",5,4/30/2025,Dashen Bank,Google Play,0.6369,Positive
bad.,1,4/30/2025,Dashen Bank,Google Play,-0.5423,Negative
Dashen bank always one step ahead,5,4/30/2025,Dashen Bank,Google Play,0,Neutral
dashen super app is secure band very easy,5,4/29/2025,Dashen Bank,Google Play,0.8588,Positive
It is very fast and secured mobile banking app! I like this app!,5,4/29/2025,Dashen Bank,Google Play,0.7225,Positive
best app I have ever seen,5,4/29/2025,Dashen Bank,Google Play,0.6369,Positive
best of best,5,4/29/2025,Dashen Bank,Google Play,0.8555,Positive
Its slow when i try to see the Recent Transaction and stucked,1,4/28/2025,Dashen Bank,Google Play,0,Neutral
wowslnwoooo wowwww amazing !!!!!!!!,5,4/28/2025,Dashen Bank,Google Play,0.7156,Positive
wow appl,5,4/28/2025,Dashen Bank,Google Play,0.5859,Positive
why do i have to change a pin number i use my finger print so dummy,1,4/27/2025,Dashen Bank,Google Play,0.0772,Positive
"It is very slow and it lacks many features to be a super app. High rating is given by their employees, not by the customers.",1,4/25/2025,Dashen Bank,Google Play,0.5994,Positive
"Smooth and secure experience transfers, bill payments, and tracking expenses are all effortless. The intuitive design makes banking on the go.",5,4/24/2025,Dashen Bank,Google Play,0.34,Positive
Very easy and Fast.,5,4/24/2025,Dashen Bank,Google Play,0.4927,Positive
Incomparably user-friendly and fast app for mobile banking.,5,4/24/2025,Dashen Bank,Google Play,0,Neutral
"there is nothing super about this app, repeatedly failed transaction and wastes customer valuable time. if you have to do system upgrade do it at a time when there is less traffic demand. your Technical difficulty should not be reflected on customer.",2,4/24/2025,Dashen Bank,Google Play,-0.7156,Negative
execellent,5,4/24/2025,Dashen Bank,Google Play,0,Neutral
"This super app is a total game-changer‚??fast, reliable, and packed with everything I need in one place. It‚??s seamless and super convenient. Love it!""",5,4/23/2025,Dashen Bank,Google Play,0.923,Positive
All in One ‚?çÔ∏èsecure ‚?çÔ∏èreliable ‚?çÔ∏èconvenient. Digital banking game changer!!,5,4/23/2025,Dashen Bank,Google Play,0,Neutral
it is incredible product.,5,4/23/2025,Dashen Bank,Google Play,0,Neutral
"I'm really impressed with this app! It‚??s user-friendly, runs smoothly, and has all the features I need. Makes my tasks so much easier and saves me a lot of time. Highly recommended!",5,4/23/2025,Dashen Bank,Google Play,0.8461,Positive
"It's an amazing app, experience it!!",5,4/23/2025,Dashen Bank,Google Play,0.658,Positive
This is the best banking app ever. I recommend everyone to use it.,5,4/23/2025,Dashen Bank,Google Play,0.7717,Positive
It is the best application!!!,5,4/22/2025,Dashen Bank,Google Play,0.7249,Positive
"Exceptional digital experience, SupperApp will bring new paradigm shift in the banking business. Bravo Dashen keep it up!!!!",5,4/22/2025,Dashen Bank,Google Play,0,Neutral
its features are so dynamic,5,4/22/2025,Dashen Bank,Google Play,0.5214,Positive
fast &Friendly user Application.,5,4/22/2025,Dashen Bank,Google Play,0.4939,Positive
"Fast, Reliable and User Friendly. Keep it Up",5,4/22/2025,Dashen Bank,Google Play,0.4939,Positive
"#dashen super app is easy to use, secure & fast transaction??ç",5,4/22/2025,Dashen Bank,Google Play,0.9042,Positive
i love this app esp 3 click that make e-commerce easier and convinient.,5,4/22/2025,Dashen Bank,Google Play,0.7906,Positive
Dashen Super App contains extended selections for customers and can be easily accessible and also friendly to use.,5,4/22/2025,Dashen Bank,Google Play,0.8591,Positive
Great for everyday banking and payments on the go,5,4/22/2025,Dashen Bank,Google Play,0.6249,Positive
"""Dashen Super App'' is impressive with its focus on simplicity, speed, and quality. The user interface is clean and easy to understand. Transactions process quickly, and the overall quality of the app is top-notch. A must-have for Dashen Bank customers. ·?≥·?∏·?? ·?£·??·?≠ ·?†·??·?µ ·?•·?≠·?ù·?? ·??·?≥·??·ç¢",5,4/22/2025,Dashen Bank,Google Play,0.9153,Positive
making transactions has never been easier. the new update is just amazing,5,4/22/2025,Dashen Bank,Google Play,0.3544,Positive
"The app has various usefull functions, which make easy the payment system. Also, it will connect with sellers having reasonable prices.",5,4/22/2025,Dashen Bank,Google Play,0.4404,Positive
The app has great user interface with comprehensive payments and E-commerce platforms. And also it includes unique features such as chat Banking and budget.,5,4/22/2025,Dashen Bank,Google Play,0.7269,Positive
betam mirt Ena betam le atikakem kelel Yale Ena michu application nw,5,4/22/2025,Dashen Bank,Google Play,0,Neutral
Convenient!,5,4/22/2025,Dashen Bank,Google Play,0,Neutral
It is an amazing application that meets the needs of customers.,5,4/22/2025,Dashen Bank,Google Play,0.5859,Positive
Effecting payment via the app has created convenience to the recipients in easily confirming the payments received!,5,4/22/2025,Dashen Bank,Google Play,0.5707,Positive
the best Supper App ever,5,4/22/2025,Dashen Bank,Google Play,0.6369,Positive
"This is the best app ever, when is it planned to include digital lending and gasification?",5,4/22/2025,Dashen Bank,Google Play,0.6369,Positive
"A powerful, local solution that rivals any global app. I love how easy it is to explore services and products.",5,4/22/2025,Dashen Bank,Google Play,0.9042,Positive
Dashen bank is my number one choice,5,4/22/2025,Dashen Bank,Google Play,0.0772,Positive
Assefa Genetu = Dashen superup is the latest and inclussive .I am happy with this super up.,5,4/22/2025,Dashen Bank,Google Play,0.8225,Positive
"The App is incredibly user-friendly and brings multiple services into one place. It's fast, intuitive, and makes daily tasks super convenient. A true all-in-one solution!",5,4/21/2025,Dashen Bank,Google Play,0.8516,Positive
"Proudly made in Ethiopia, this innovation delivers more than promised. The marketplace is a major boost for local commerce",5,4/21/2025,Dashen Bank,Google Play,0.9076,Positive
it so fanrastic and user friendly app. Bravo Dashen bank thanks.,5,4/21/2025,Dashen Bank,Google Play,0.7269,Positive
"one of the best digital platforms I've used! from smooth transactions to a seamless shopping experience, highly recommended.",5,4/21/2025,Dashen Bank,Google Play,0.7639,Positive
A proudly Ethiopia innovation that delivers beyond expectations. The marketplace feature is a big win for local shoppers bnd sellers,5,4/21/2025,Dashen Bank,Google Play,0.875,Positive
"Dashen Super App is a game-changer! It‚??s fast, user-friendly, and packed with features that make everyday banking and transactions super convenient. I love how everything I need from mobile banking to utility payments is all in one place. The interface is clean, and everything works smoothly. Definitely one of the best apps out there. Highly recommended!",5,4/21/2025,Dashen Bank,Google Play,0.9758,Positive
Easy to use and has many options. It is the best financial app I have ever used.,5,4/21/2025,Dashen Bank,Google Play,0.7964,Positive
"Highly impressed! Dash Bank really nailed it with this app. Secure, reliable, and packed with features I use daily",5,4/21/2025,Dashen Bank,Google Play,0.7257,Positive
"One of the best digital platforms I‚??ve used! From smooth transactions to a seamless shopping experience, Highly recommended",5,4/21/2025,Dashen Bank,Google Play,0.7639,Positive
"This app has everything I was looking for, dashen is becoming a grandmaster.",5,4/21/2025,Dashen Bank,Google Play,0,Neutral
Very convenient,5,4/21/2025,Dashen Bank,Google Play,0,Neutral
"The user experience is seamless, and everything just works perfectly right out of the box. I can‚??t believe how much time and effort it saves me every day.",5,4/21/2025,Dashen Bank,Google Play,0.6369,Positive
wawwwww what nice super app !!keep it up dashen bank !!,5,4/21/2025,Dashen Bank,Google Play,0.8346,Positive
"Dashen SuperApp the ultimate all-in-one solution! From banking and shopping to bill payments, everything you need is right at your fingertips. Life just got a whole lot easier!",5,4/21/2025,Dashen Bank,Google Play,0.6892,Positive
"It is,really super because of its unique offerings to individuals and businesses.It is a secure UX first app intended to cater comprehensive digital meeds.I am also happy to know that Dashen is considering to make the app more inclusive by lowering the mobile version requirements .",5,4/21/2025,Dashen Bank,Google Play,0.8669,Positive
"the very easy, secured, fast and multifunctional dashen supper application I ever seen. dashen really one steps ahead!!!",5,4/21/2025,Dashen Bank,Google Play,0.7934,Positive
"One app for everything! I can shop, manage my bank account , and do so much more . Truly a super app",5,4/21/2025,Dashen Bank,Google Play,0.8111,Positive
one of the best digital platforms I‚??ve used! From smooth transactions to a seamless shopping experie,5,4/21/2025,Dashen Bank,Google Play,0.6696,Positive
"Dashen Bank super App is the most suitable, reliable, and fast digital banking system.",5,4/21/2025,Dashen Bank,Google Play,0.5994,Positive
Excellent app.,5,4/21/2025,Dashen Bank,Google Play,0.5719,Positive
This is what we call banking app. As professional I want banking app as simple as this and an app rich of features that align with my lifestyle.,5,4/21/2025,Dashen Bank,Google Play,0.5994,Positive
thanks again,5,4/21/2025,Dashen Bank,Google Play,0.4404,Positive
Super Easy To Use and Fast Transaction.,5,4/21/2025,Dashen Bank,Google Play,0.7783,Positive
"I have an incredible experience with Dashen super app, what an amazing platform is it?. keep pioneering in technological advancement ??è??è??è",5,4/21/2025,Dashen Bank,Google Play,0.8271,Positive
"i can't recommend the Dashen Super App enough! This app is truly a game changer for anyone looking for a seamless and efficient way to manage their daily life. It combines multiple essential services into one easy-to-use platform, saving time and simplifying tasks The user interface is modern, intuitive, and super responsive, making navigation a breeze. Whether it's banking, payment services, or accessing lifestyle features, everything is just a few clicks away!!",5,4/21/2025,Dashen Bank,Google Play,0.941,Positive
"The app is incredibly handy for managing multiple financial tasks, from bill payments to managing budgets. It‚??s saved me a lot of time and made banking way more convenient. Definitely worth checking out!",5,4/21/2025,Dashen Bank,Google Play,0.8039,Positive
what an App,5,4/21/2025,Dashen Bank,Google Play,0,Neutral
The new e-commerce feature is incredibly amazing and user friendly.,5,4/21/2025,Dashen Bank,Google Play,0.807,Positive
"dashen bank supper app is the most easy to use and have high speed,quality and I like features like chat,budget,fuel payment, and security for my opinion this product is techonolgy edge,this international standard thanks for product oweners (dashen bank)",3,4/21/2025,Dashen Bank,Google Play,0.9099,Positive
"The Dashen supperapp is a revolutionary advancement in digital banking, combining exceptional usability, an intuitive interface and a seamless user experience. among its standout features are the integration of QR codes, account statement, transaction advise, chat, transaction authentication for limit thresholds, budgeting and different app in a single dashboard. Truly ahead of the curve ..... keep up the excellent work ?§ù??è",5,4/21/2025,Dashen Bank,Google Play,0.765,Positive
"A proudly Ethiopian innovation that delivers beyond expectations. The marketplace feature is a big win for local shoppers and sellers. Very impressed with the new updates, The e-commerce section is smooth and supports Ethiopian merchants!",5,4/21/2025,Dashen Bank,Google Play,0.945,Positive
"Very impressed with the new updates, The e-commerce section is smooth and supports Ethiopian merchants.",5,4/21/2025,Dashen Bank,Google Play,0.7089,Positive
"Dashen Bank Super App is fast, reliable, and super easy to use. All my banking needs are handled smoothly in one place. Clean design and seamless experience ‚?? highly recommended!",5,4/21/2025,Dashen Bank,Google Play,0.9412,Positive
"Db sup app is A platform or an application that can grasp more satisfactions through fastest mode of operation which means for budget planning, to use QR code(scan, pay, go) chat with staff, acc to acc other bank ft, merchant payment, and easly. I addition to i satisfied and i invite everyone to use those platform!!.",5,4/21/2025,Dashen Bank,Google Play,0.7892,Positive
the chat banking and unique and only app that alow money request!!,5,4/21/2025,Dashen Bank,Google Play,0,Neutral
Better and inclusive app!,5,4/21/2025,Dashen Bank,Google Play,0.4926,Positive
Amazing Application,5,4/21/2025,Dashen Bank,Google Play,0.5859,Positive
It keep my time to pay my bills and I generate my satment easily,5,4/21/2025,Dashen Bank,Google Play,0.25,Positive
"It's an amazing app that is up-to-date with the times, wow wow",5,4/21/2025,Dashen Bank,Google Play,0.9081,Positive
A game-changing Ethiopian innovation‚??where shopping meets opportunity. The marketplace feature connects buyers and sellers like never before.,5,4/21/2025,Dashen Bank,Google Play,0.6486,Positive
"Dashen Super App isn‚??t just an app ‚?? it‚??s an experience. Effortless, powerful, and built for the future",5,4/21/2025,Dashen Bank,Google Play,0.7717,Positive
"This Is An Amazing App with Uniqe Quality,Easy And Fast Mobile Banking App.",5,4/21/2025,Dashen Bank,Google Play,0.5859,Positive
"Dashen SuperApp is a lifesaver! Banking, shopping, and bills in one super easy app. The new e-commerce feature is awesome and supports local merchants. Fast, secure, and proudly Ethiopian.Download it now‚??you won‚??t regret it!",5,4/21/2025,Dashen Bank,Google Play,0.9682,Positive
"Dashen SuperApp blends finance, shopping, and daily services effortlessly. The new e-commerce feature is smooth and supports local merchants‚??proud to back an Ethiopian-made solution!",5,4/21/2025,Dashen Bank,Google Play,0.6239,Positive
"A solid step forward by Dashen Bank. The SuperApp combines essential banking features with lifestyle services, making everything accessible in one place. The interface is smooth, and transactions are quick and reliable. It‚??s clear a lot of thought went into the design and functionality. Great job!",5,4/21/2025,Dashen Bank,Google Play,0.8221,Positive
Dashen bank super app is the crucial and convenient app in Ethiopia. there is no other app to compare with Dashen bank super app,5,4/21/2025,Dashen Bank,Google Play,0.765,Positive
"All-in-one finance & e-commerce super app! Pay, save, shop seamlessly. Fast, secure. #BankAndShop",5,4/21/2025,Dashen Bank,Google Play,0.8553,Positive
it's a hestorical app. in the bank industry.,5,4/21/2025,Dashen Bank,Google Play,0,Neutral
"A game changer in Ethiopian digital banking fast, secure, and packed with services. Everything you need, all in one powerful app. A true leap toward financial convenience and innovation!",4,4/21/2025,Dashen Bank,Google Play,0.8718,Positive
"easy &,simple to use",5,4/21/2025,Dashen Bank,Google Play,0.4404,Positive
"Banking, but make it smart. Local solutions, all in one place. Smooth, fast, and actually saving time. Feels like the future. Love it!",5,4/21/2025,Dashen Bank,Google Play,0.9427,Positive
"All in one, that is it ???",5,4/21/2025,Dashen Bank,Google Play,0.7297,Positive
", Dashen Bank Supper App is multipurpose, convenient, very attractive and Make life easier",5,4/21/2025,Dashen Bank,Google Play,0.7178,Positive
very easy and flexible app.,5,4/21/2025,Dashen Bank,Google Play,0.6549,Positive
"I choose Dashen Bank Super Up since, it is easy to use & it has attractive features !",5,4/21/2025,Dashen Bank,Google Play,0.8748,Positive
dashen super app is simple faster and reliable.,5,4/21/2025,Dashen Bank,Google Play,0.5994,Positive
"Dashen Bank Super App is a game-changer! The user-friendly design, wide range of services, and smooth performance make it incredibly convenient for everyday banking. It‚??s fast, secure, and truly reflects the bank‚??s commitment to digital excellence. Highly recommended!",5,4/21/2025,Dashen Bank,Google Play,0.9557,Positive
"The app keeps getting better with every update! Smooth performance, great UI, and top-notch security. Thank you for making banking so convenient!""",5,4/21/2025,Dashen Bank,Google Play,0.9097,Positive
this app is the most simply to use and secure safe i love it to use for any bank transaction,5,4/21/2025,Dashen Bank,Google Play,0.8591,Positive
"After i download the app recently had a smooth expriance, its user friendly, fast, and everything works as expected. keep up the good work.",5,4/21/2025,Dashen Bank,Google Play,0.7269,Positive
An app with High performance and advanced features!,5,4/21/2025,Dashen Bank,Google Play,0.3164,Positive
"It is a very user friendly, attractive user interface, full of useful features. I really encourage everyone to give it a try.",5,4/21/2025,Dashen Bank,Google Play,0.9207,Positive
"Good actually , but it have to WORK when developer option is on ??è",5,4/21/2025,Dashen Bank,Google Play,0.2382,Positive
"All-in-one convenience, From managing accounts to paying bills and shopping online and the chat banking is game changer, this app does it all seamlessly.",5,4/21/2025,Dashen Bank,Google Play,0,Neutral
I appreciate that Dashen Bank takes lifestyle services into account.,5,4/21/2025,Dashen Bank,Google Play,0.4019,Positive
keep it up!,5,4/21/2025,Dashen Bank,Google Play,0,Neutral
amazing app really i loved it .that's why we say dashen bank is one stap ahead. It's the best mobile application that should be on every phone.,5,4/21/2025,Dashen Bank,Google Play,0.9213,Positive
very comfortable app keep it,5,4/21/2025,Dashen Bank,Google Play,0.5563,Positive
it has clear detail information about the application so it helps customer how to use the app. and it is very easy to use and also app is secure.,5,4/21/2025,Dashen Bank,Google Play,0.8771,Positive
"I have been using the Dashen Supper app mobile banking app , and overall, I appreciate its features.However,I‚??ve noticed that when I turn on the developer options on my device, the app stops functioning properly. It would be great if you could look into this issue, as I often need to access developer settings for other applications . Thank you for your attention to this matter!",5,4/21/2025,Dashen Bank,Google Play,0.8449,Positive
easiness to use with fast response time,5,4/21/2025,Dashen Bank,Google Play,0.3818,Positive
"The new mobile banking application is a major upgrade! It‚??s incredibly user-friendly, with a clean and modern design that makes navigation simple and intuitive. I really appreciate how fast it loads and how smooth the overall experience is. All essential services like balance checks, transfers, and bill payments are eas y to find and use. The added security features give me peace of mind, and the app runs reliably without crashes or glitches. It‚??s clear a lot of thought went into the user experi",5,4/21/2025,Dashen Bank,Google Play,0.9431,Positive
"As an Internal Customer, Dashen Bank SuperApp has greatly simplified my online banking experience. It's easy to use, allowing me to quickly check balances, transfer money and pay Bills. The app's advanced security features are highly secure, ensuring my data is well protected. The Three click, Chat Banking and IPS features have also given me a smarter experience. In deed Dashen Bank is always steping ahead!",5,4/21/2025,Dashen Bank,Google Play,0.9536,Positive
"A truly impressive app ‚?? user-friendly and a game-changer in Ethiopian banking. The Dashen Super App stands out as one of the most innovative and convenient digital banking solutions in Ethiopia‚??s financial history. Smooth navigation, seamless features, and a wide range of services all in one place. Well done!",5,4/21/2025,Dashen Bank,Google Play,0.9467,Positive
dashen bank super up has very fast and convenience and also it has contain more things on one app .I am very interesting to use dashen bank super up,5,4/21/2025,Dashen Bank,Google Play,0.8955,Positive
"The Dashen Bank Super App has truly elevated my mobile banking experience. It's fast, user-friendly, and packed with all the essential features. The interface is clean and intuitive, making navigation easy even for first-time users. I also appreciate the added security features that give me peace of mind while banking on the go. Dashen Bank has done an amazing job with this app‚??it‚??s reliable, efficient, and always improving. Highly recommended for anyone looking for seamless digital banking!",5,4/21/2025,Dashen Bank,Google Play,0.9846,Positive
A fantastic product!! keep the good work.,5,4/21/2025,Dashen Bank,Google Play,0.7955,Positive
"I am very impressed with the Dashen super app. It is user-friendly and operates efficiently. The budget and chatbot features are impressive, and all items can be purchased with just three clicks.",5,4/21/2025,Dashen Bank,Google Play,0.923,Positive
"The Dashen Super App offers a quick and user-friendly experience, bringing together a variety of services, like budgeting, payments, airtime recharges, and more, all in one convenient platform. Its sleek design and intuitive navigation ensure effortless transactions. It's evident that Dashen Bank has carefully crafted the app to make everyday financial activities easier. A great choice for anyone aiming to streamline their digital routines!",5,4/21/2025,Dashen Bank,Google Play,0.9493,Positive
Dashen supper App is the most useful app for our customers,5,4/21/2025,Dashen Bank,Google Play,0.4927,Positive
it is the most amazing mobile app,5,4/21/2025,Dashen Bank,Google Play,0.624,Positive
A Good and fast supper app thanks for dashen bank,5,4/21/2025,Dashen Bank,Google Play,0.7003,Positive
"Dear Users of the Dashen Bank Super App,I have been using the Dashen Bank Super App for a while now, and I must say‚??it‚??s truly a game-changer! The app is incredibly fast and reliable; I‚??ve never encountered any delays with my transactions. One feature I absolutely love is Chat Banking. It makes everyday tasks like checking my balance or transferring money as simple as sending a quick message. Also, the budgeting tool has been a huge help in tracking my spending and giving me a clearer",5,4/21/2025,Dashen Bank,Google Play,0.9798,Positive
Too best,1,4/21/2025,Dashen Bank,Google Play,0.6369,Positive
"Dashen Bank Super Up,use the app and makes your easy,fast,convinent.",5,4/21/2025,Dashen Bank,Google Play,0.5994,Positive
To join digital world use supper app and make your life easy,5,4/21/2025,Dashen Bank,Google Play,0.6249,Positive
best mobile banking application,5,4/21/2025,Dashen Bank,Google Play,0.6369,Positive
This banking superapp is incredibly well designed. The design and appearance of the app and the overall experience I have when using the app is fantastic. The app is packed with features from banking to e-commerce all in one place.It even has a budget setting option which is super useful for managing my money. Everything runs smoothly and I love how convenient it has made my daily life. Huge Kudos to Dashen Bank. You are truly living up to the motto ''Always one step ahead." Keep it up!,5,4/21/2025,Dashen Bank,Google Play,0.9771,Positive
I was really amazed by the idea of an e-commerce service on a banking app. This is what it means to be one step ahead. Please include all kinds of products in there as soon as possible.,5,4/21/2025,Dashen Bank,Google Play,0.6997,Positive
this is what we expect to get service Dashen Bank always like his slogan,5,4/21/2025,Dashen Bank,Google Play,0.3612,Positive
"Dashen SupApp is the most contemporary application, offering a great experience by enabling users to perform multiple tasks through a single platform‚??such as chatting with friends, transferring money, paying bills, and more. It is the first app of its kind in the Ethiopian banking industry, making it a remarkable opportunity for entrepreneurs working in app-based sales and software marketing. Good job, Dashen Bank!",5,4/21/2025,Dashen Bank,Google Play,0.9647,Positive
Dashen Super App gives me an amazing convenience and makes life easy.,5,4/21/2025,Dashen Bank,Google Play,0.891,Positive
excellent mobile banking app,5,4/21/2025,Dashen Bank,Google Play,0.5719,Positive
Wow! like his name Super App...,5,4/21/2025,Dashen Bank,Google Play,0.8883,Positive
Dashen supper app is the most special. ·?≠·?ù·?æ·?± ·?≠·??·?´·?´·?ç!!!!,5,4/21/2025,Dashen Bank,Google Play,0.6323,Positive
convenient and fast,5,4/21/2025,Dashen Bank,Google Play,0,Neutral
Best- in-class app.,5,4/21/2025,Dashen Bank,Google Play,0.6369,Positive
I really like this amazing application and Dashen Supper app that has made my life easier.,5,4/21/2025,Dashen Bank,Google Play,0.8866,Positive
Superb,5,4/21/2025,Dashen Bank,Google Play,0.6249,Positive
"amazing features, faster and easy to use",5,4/21/2025,Dashen Bank,Google Play,0.7717,Positive
"The Dashen Super App offers a modern, user-friendly experience that leverages the latest technological advancements to deliver a seamless e-commerce platform",5,4/21/2025,Dashen Bank,Google Play,0.5994,Positive
Best App!,5,4/21/2025,Dashen Bank,Google Play,0.6696,Positive
I love it. one of the best mobile banking app in the banking industry,5,4/21/2025,Dashen Bank,Google Play,0.8555,Positive
I love this app,5,4/21/2025,Dashen Bank,Google Play,0.6369,Positive
no working for me hulum information asgebiche continue or accept yemilew button ayeseram my phone is Samsung A51,1,4/21/2025,Dashen Bank,Google Play,0.1027,Positive
waw no idea the best app.,5,4/19/2025,Dashen Bank,Google Play,0.4588,Positive
fast best app,5,4/19/2025,Dashen Bank,Google Play,0.6369,Positive
Nice App,5,4/18/2025,Dashen Bank,Google Play,0.4215,Positive
nice app ever,5,4/17/2025,Dashen Bank,Google Play,0.4215,Positive
very disappointing app. Closes frequently and unstable in function,2,4/17/2025,Dashen Bank,Google Play,-0.7178,Negative
"Feature-rich? Absolutely. But the speed? Painfully slow. Seriously, is it communicating with a server on Mars or something?",5,4/16/2025,Dashen Bank,Google Play,-0.8014,Negative
nic app,5,4/16/2025,Dashen Bank,Google Play,0,Neutral
"The Dashen Super App delivers a remarkably fast, highly secure, and exceptionally user-friendly experience, establishing it as a leading application in its category.keep it up and stay ahead Dashen Bank.",5,4/14/2025,Dashen Bank,Google Play,0.7818,Positive
So far so good! their in person customer service is amazing ??è,5,4/14/2025,Dashen Bank,Google Play,0.8467,Positive
The app is very backward and doesn't always work. If it works three hours out of 24 hours it's great!??•,1,4/14/2025,Dashen Bank,Google Play,0.636,Positive
·?ù·?≠·?´·?¨ ·?ê·?ç,5,4/13/2025,Dashen Bank,Google Play,0,Neutral
It's bad for the connection and too many days are it that not working,1,4/12/2025,Dashen Bank,Google Play,-0.5423,Negative
it's samart,5,4/10/2025,Dashen Bank,Google Play,0,Neutral
"The app is not working properly, I have been using it.",1,4/10/2025,Dashen Bank,Google Play,0,Neutral
"I had a disappointing experience with Dashen Bank's Super Up service. The app is very slow and takes forever to load during transactions, which is incredibly frustrating. Additionally, it doesn't generate receipts for any transactions, making it difficult to keep track of my expenses. I also reached out to customer support, but the response time was longer than expected. Overall, I was hoping for a better experience, but I find the service lacking and in need of improvement.",2,4/9/2025,Dashen Bank,Google Play,0.9022,Positive
slow cumbersome,3,4/8/2025,Dashen Bank,Google Play,0,Neutral
Is really ???,2,4/8/2025,Dashen Bank,Google Play,0,Neutral
It's slow to send OTP. it's not reliable. It crushed many times. It needs improvement in many ways,1,4/7/2025,Dashen Bank,Google Play,0.6522,Positive
"This is the worst mobile banking experience I‚??ve ever had. It doesn‚??t work when you need it, and it randomly updates itself without warning. You can‚??t make transactions whenever you want. It‚??s a nightmare for anyone who relies on this as their main banking option, especially those with a lot of money in their account. I‚??m lucky I‚??m not one of them, but still, it‚??s infuriating not being able to access your money when you need it.""l",1,4/7/2025,Dashen Bank,Google Play,-0.679,Negative
"I have experienced on using the app of Banks in Ethiopia, this Dashen sup is like old version of the applications for using. I gave 3 star for it's very low speed while login and processing",3,4/7/2025,Dashen Bank,Google Play,0.0276,Neutral
proud by dashen bank,5,4/6/2025,Dashen Bank,Google Play,0.4767,Positive
This app is not working unless you turn off developer mode on your phone. So it takes your rights to just use it.,2,4/4/2025,Dashen Bank,Google Play,0,Neutral
real super up,5,4/4/2025,Dashen Bank,Google Play,0.5994,Positive
it's very disappointing fix it as soon as possible not expected from dashin bank fix it,1,4/4/2025,Dashen Bank,Google Play,-0.5413,Negative
why dashen bank workers hidden my ATM Card ?èß?it's a big problem to me,5,4/4/2025,Dashen Bank,Google Play,-0.4019,Negative
tanku,5,4/4/2025,Dashen Bank,Google Play,0,Neutral
goood,5,4/2/2025,Dashen Bank,Google Play,0,Neutral
why does it ask me for both pin and opt even the opt is touch let alone both,2,4/2/2025,Dashen Bank,Google Play,-0.25,Negative
it is best app easy to use,5,4/1/2025,Dashen Bank,Google Play,0.7964,Positive
It is very easy to use and powerful application.,3,4/1/2025,Dashen Bank,Google Play,0.7178,Positive
this apps have a good feature but but some features like developer mode turn off irritate user,3,4/1/2025,Dashen Bank,Google Play,0.128,Positive
"This is not only a mobile banking app, it is beyond that. We will access our account easily, we are able to get many information easily here. i.e. exchage rate. We are able to chat with others, we are able to budget, we are able to transfer to other bank and within Dashen. we are able to access many accounts in a single app, we are able to pay bills in QR scan, we are able to make payments and order delivery items here in a single app. #Always one step ahead.",5,3/31/2025,Dashen Bank,Google Play,0.5267,Positive
wallahi very fantastic Bank,5,3/31/2025,Dashen Bank,Google Play,0.5984,Positive
"Waw, It's amazing app. thank you Dashen Bank.",5,3/31/2025,Dashen Bank,Google Play,0.743,Positive
"I‚??ve been using the Dashen Bank Super App for a while now, and it‚??s been a game-changer. The app is super fast and reliable‚??I‚??ve never had an issue with transactions being delayed. One of my favorite features is the chat banking, which makes it so easy to do things like check my balance or transfer money just by typing a quick message. The budgeting tool is also really useful. It helps me keep track of my spending and gives me a clear picture of where",5,3/28/2025,Dashen Bank,Google Play,0.9744,Positive
Very good app that like it too. B/c it is very fast and easy to use.,5,3/26/2025,Dashen Bank,Google Play,0.8341,Positive
best experiences,5,3/26/2025,Dashen Bank,Google Play,0.6369,Positive
too slow to use.,1,3/26/2025,Dashen Bank,Google Play,0,Neutral
the worst app in the market only good ui,1,3/22/2025,Dashen Bank,Google Play,-0.296,Negative
nic,5,3/22/2025,Dashen Bank,Google Play,0,Neutral
·?†·?£·?ù ·??·?ç·?ç ·?´·?? ·?†·ç? ·?†·?≠·?±·?ç·?? ·??·?†·?†·??·??·?ù ·?ù·?π,5,3/22/2025,Dashen Bank,Google Play,0,Neutral
thanks for all digital transaction,5,3/21/2025,Dashen Bank,Google Play,0.4404,Positive
"This app is not supporting smart phones that have old android version and so it is none inclusive. At the same time the amole lite is not working properly and once you reached to maximum otp trail mistakes due to network or other errors like stacks , you will be tied up to make Transactions. Ohh... tired!!!!!",1,3/20/2025,Dashen Bank,Google Play,-0.8668,Negative
it's Be Come Busy &not working good,1,3/20/2025,Dashen Bank,Google Play,-0.3412,Negative
I wanted to share some concerns about your Supper App. It appears to be experiencing reliability issues and isn‚??t performing as expected. I hope this can be addressed soon to improve the user experience. One star ??? for now.,1,3/19/2025,Dashen Bank,Google Play,0.7906,Positive
"best ever digital banking sector essay for understanding ,smart and convince for using",5,3/19/2025,Dashen Bank,Google Play,0.836,Positive
good and latest,5,3/18/2025,Dashen Bank,Google Play,0.4404,Positive
The best App of all,5,3/17/2025,Dashen Bank,Google Play,0.6369,Positive
Worst app ever,1,3/15/2025,Dashen Bank,Google Play,-0.6249,Negative
"This app is the most unreliable mobile banking application I have ever used for transaction, it is very late, non-responsive and full of bugs. Its is very disappointing. It is just inconvinient, and not user friendly and compatabke at all !!!!!!",1,3/14/2025,Dashen Bank,Google Play,-0.8068,Negative
Naiycapp,5,3/14/2025,Dashen Bank,Google Play,0,Neutral
The app is good but it has no USSD option,4,3/13/2025,Dashen Bank,Google Play,-0.2144,Negative
Hey great,5,3/12/2025,Dashen Bank,Google Play,0.6249,Positive
I have used many mobile banking and also tellebir and mpesa nothing come close to this app. Well done Dashen indeed one step a head. A lot of cool features that amole hasn't the receipt and the account statement is superb for me. I hope you add more integrated small apps to.,5,3/12/2025,Dashen Bank,Google Play,0.886,Positive
The app is good but it ask update every week so tiring,2,3/11/2025,Dashen Bank,Google Play,0.2382,Positive
It good and easy to use,5,3/11/2025,Dashen Bank,Google Play,0.7003,Positive
·?†·?£·?ù ·?†·?™·çç ·??·?∞·?ç·?†·?™·?´ ·?ê·?ç ·ç¢ ·?†·??·?†·?ç·??·??·?Å ·ç¢,5,3/10/2025,Dashen Bank,Google Play,0,Neutral
"Greately improved since it was released! I really like the budget and expense tegistration feature. For ATM or POS withdrawals, it is not possible to account these expenses, even if it is visible on the transactions window. If that can be worked on, it will be improve so much!!",5,3/10/2025,Dashen Bank,Google Play,0.8648,Positive
Wow Excellent app,5,3/8/2025,Dashen Bank,Google Play,0.8176,Positive
Nice app but i experience some issues with others banks transfer it keeps saying account is not exist most of the time.,4,3/8/2025,Dashen Bank,Google Play,0.2263,Positive
Add the option to send money to any telebirr account like amole does.,3,3/8/2025,Dashen Bank,Google Play,0.3612,Positive
It's best,5,3/8/2025,Dashen Bank,Google Play,0.6369,Positive
no one dashen yichlal,5,3/7/2025,Dashen Bank,Google Play,-0.296,Negative
In short ! I'm so proud of this app developers for their highest professional of developing. Thanks,5,3/6/2025,Dashen Bank,Google Play,0.8011,Positive
The speed is too slow. Need some improvements.,2,3/6/2025,Dashen Bank,Google Play,0.3182,Positive
Fantastic app,5,3/1/2025,Dashen Bank,Google Play,0.5574,Positive
I wish dark mode feature is add as an option but it's good app,5,2/27/2025,Dashen Bank,Google Play,0.6908,Positive
"Super Up is the ultimate digital banking app, living up to its name with speed, efficiency, and innovation. Designed for a seamless experience, it offers lightning-fast transactions, top-tier security, and effortless financial management. With Super Up, banking has never been this smooth, smart, and super!",5,2/26/2025,Dashen Bank,Google Play,0.969,Positive
"The Dashen Super App is a game-changer in digital banking, offering a seamless and convenient experience. With its user-friendly interface, fast transactions, and a wide range of financial services, it simplifies banking for customers. Features like bill payments, fund transfers, mobile top-ups, and loan applications make it an all-in-one solution. Plus, its security measures ensure safe and reliable Experiance effortless banking",5,2/26/2025,Dashen Bank,Google Play,0.9393,Positive
·?®·?∞·?ê·?®·?®·?†,2,2/26/2025,Dashen Bank,Google Play,0,Neutral
"It has good feature. But, it is Very Slow! difficult to pay or receive. The Speed should be improved, else I didn't recommend.",2,2/24/2025,Dashen Bank,Google Play,-0.2788,Negative
·?†·ç?·?ç·?¨·?Ω·?? ·?†·?™·çç ·??·?? ·?≥·?? ·?¥·??·?•·?≠ ·??·?∞·?´·?µ ·?•·?ª ·??·?ù·?? ·??·?ê ·?•·??·?∞ ·?µ·?Æ·?ç ·??·?∞·?ç·?ù ·??·??·?≠ ·?¢·?ª·?ç,4,2/22/2025,Dashen Bank,Google Play,0,Neutral
No good,1,2/22/2025,Dashen Bank,Google Play,-0.3412,Negative
Wow amazing app,5,2/21/2025,Dashen Bank,Google Play,0.8225,Positive
best platform... Please avoid otp,5,2/21/2025,Dashen Bank,Google Play,0.6486,Positive
Super smart app.,5,2/18/2025,Dashen Bank,Google Play,0.765,Positive
best ??ç??ç,5,2/16/2025,Dashen Bank,Google Play,0.6369,Positive
I don't know what happens but the application is not send verification pass code you should fix that,1,2/16/2025,Dashen Bank,Google Play,0,Neutral
This app doesn't work on my phone my phone is Samsung Galaxy s7 android version 9 All other financial apps work like telebirr CBE M_pesa...,1,2/14/2025,Dashen Bank,Google Play,0.3612,Positive
"Dashen Super app is secure, very easy to use and has more services uniquely like budgeting, chat, IPS...",5,2/14/2025,Dashen Bank,Google Play,0.9053,Positive
Amazing and user friendly supper app and looking forward the additional features,5,2/14/2025,Dashen Bank,Google Play,0.7906,Positive
it's amazing app i have seen ever,5,2/13/2025,Dashen Bank,Google Play,0.5859,Positive
One star deducted for not to able to transfer to telebirr.,4,2/13/2025,Dashen Bank,Google Play,0,Neutral
·?•·?© ·?ê·?ç ·?ç·?? ·?†·?∞·??·?• ·??·?∏·?ª·?ç ·?≠·??·?£·?ç,4,2/13/2025,Dashen Bank,Google Play,0,Neutral
·çç·?•·?ê·?± ·?†·?£·?ù ·?†·?™·çç ·?ê·?ç! ·?•·?? ·??·??·?ç ·?´·?? ·?ê·?ç ! ·?ê·??·?≠ ·?ç·?? ·?∞·?®·??·?™ ·??·?∞ ·?¥·??·?•·?≠ ·?§·??·??·?µ ·??·??·?™·?´ ·?†·ç? ·?¢·?´·?∞·?µ·?†·?µ ·?•·?© ·?ê·?ç::,4,2/12/2025,Dashen Bank,Google Play,0,Neutral
Keep up the good work and pleas add water and electric utility payment,5,2/12/2025,Dashen Bank,Google Play,0.4404,Positive
The app missed some important features 1. It does't show recent transactions 2. Transfer to Telebirr limited to own telebirr 3. The statement does't show running balance,2,2/11/2025,Dashen Bank,Google Play,-0.3182,Negative
"Simple, Fast and Easy ‚≠ê‚≠ê‚≠ê???",4,2/10/2025,Dashen Bank,Google Play,0.6808,Positive
"·?®·??·??·?≠·?ù aplication ·?ê·?ç, ·?ê·??·?≠ ·?ç·?? ·?•·?≠ ·?µ·?´·??·?µ·ç?·?≠ ·?≤·?∞·?®·?ç ·?´·?? ·ç?·?? ·??·??·?? risk ·?†·??·?ç ·?Å·?? ·??·?? ·?® ·?µ·?´·??·?µ·ç?·?≠ ·??·?∞·?ù·?∞·??·?´ ·ç?·?? ·??·??·?? ·?†·??·?†·?µ!!!!!!!!!!!!:: ·?†·?± ·?¢·?µ·?∞·?´·?®·?ç 5 star ·?†·?µ·?®·??·?ç ·?ç·?? 4 ·?∞·?•·?ª·??·?ç::",4,2/9/2025,Dashen Bank,Google Play,-0.5053,Negative
Baankii daashin baankii hudna galeessa galatoomaa isinii woliin jirra Godina jimmaa magaalaa Aggaaroo irraa Muaz Abamecha Abamilki,5,2/7/2025,Dashen Bank,Google Play,0,Neutral
"#Dashen Super App; Super easy to use, secure, and fast transaction. Love it!",5,2/7/2025,Dashen Bank,Google Play,0.9558,Positive
"I tried the new Dash Bank Super App today, and it's amazingly easy and fun.I recommend you download and use it. You really like it",5,2/6/2025,Dashen Bank,Google Play,0.9079,Positive
Gud app kegza ga mezmn endze new aind ermjh kedme nachu hlam,5,2/6/2025,Dashen Bank,Google Play,0,Neutral
"Good app, bad security",3,2/6/2025,Dashen Bank,Google Play,0.2023,Positive
On Transaction page only show sent Transaction. Try to include received transaction.,4,2/6/2025,Dashen Bank,Google Play,0,Neutral
Wonderful Application ??ç,5,2/5/2025,Dashen Bank,Google Play,0.7717,Positive
I loved it,5,2/5/2025,Dashen Bank,Google Play,0.5994,Positive
·?†·?Å·?? ·??·?? ·?†·??·?µ ·?•·?≠·?ù·?? ·??·?∞·??·?Ω·?ç,5,2/4/2025,Dashen Bank,Google Play,0,Neutral
I am so thankful for having this best app Dashen one step ahead,5,2/4/2025,Dashen Bank,Google Play,0.8943,Positive
Not good this app,1,2/4/2025,Dashen Bank,Google Play,-0.3412,Negative
Excellent app ever but it needs improvement on speed and transaction lists,1,2/3/2025,Dashen Bank,Google Play,0.7469,Positive
"It does not work functional ,",1,2/2/2025,Dashen Bank,Google Play,0,Neutral
all of dashen bank customers use the application it is good to use,5,2/1/2025,Dashen Bank,Google Play,0.4404,Positive
Gret experience,5,2/1/2025,Dashen Bank,Google Play,0,Neutral
All good we need more,3,1/31/2025,Dashen Bank,Google Play,0.4404,Positive
"Dashen super app is easy to use, fast and robust",5,1/31/2025,Dashen Bank,Google Play,0.8481,Positive
it was amazing app.....thank you dashen bank....,5,1/30/2025,Dashen Bank,Google Play,0.5859,Positive
Dashen bank super app for easy life.,5,1/30/2025,Dashen Bank,Google Play,0.7783,Positive
Excellent UI/UX and beyond Banking services??ç??ç,5,1/30/2025,Dashen Bank,Google Play,0.5719,Positive
Send to oher bank ·?®·??·??·?? ·??·?µ·?• ·??·?•·?∞·?? ·??·?∞ addisinternational bank ·??·??·??·?≠ ·?†·?≠·?∞·?´·?ù ·?Å·??·?∞·?? ·?∞·?ç·?? ·??·?∞ cbe birr ·??·??·??·?≠ account number ·?≠·?†·?≠·??·?ç ·??·?£·?≠·?ç ·?ê·?†·?≠ ·?ê·?? ·??·?†·?®·?? ·?´·??·?†·?µ ·?≠·??·?µ·??·??·?ç,2,1/29/2025,Dashen Bank,Google Play,0.0772,Positive
Just Wow,5,1/29/2025,Dashen Bank,Google Play,0.5859,Positive
mobile banking to the next level,5,1/28/2025,Dashen Bank,Google Play,0,Neutral
The first 3 star review is me,3,1/25/2025,Dashen Bank,Google Play,0,Neutral
Is not working,1,1/25/2025,Dashen Bank,Google Play,0,Neutral
"Fast, reliable and user friendly. Amazing chatting features. Keep it up! Always one step ahead!",5,1/24/2025,Dashen Bank,Google Play,0.8217,Positive
V good ‚ù?Ô∏è,5,1/24/2025,Dashen Bank,Google Play,0.4404,Positive
"This app is literally the best thing ever The chat banking is so easy just text and it‚??s done Super smooth, fast, and honestly a life saverIf you haven‚??t downloaded it yet you‚??re missing out big time",5,1/23/2025,Dashen Bank,Google Play,0.9279,Positive
I only see white page,2,1/23/2025,Dashen Bank,Google Play,0,Neutral
Excellent banking app for all your needs! Who needs a physical branch when you can use Dashen Bank Super App Instead! I've never had an issue with anything that Dashen Bank Super App haven't handled swiftly and resolved to my satisfaction and above I don't often write reviews but this is an app/bank that I would highly recommended to everyone ??Ø ?????ç,5,1/22/2025,Dashen Bank,Google Play,0.9614,Positive
Amizing Application ??ç,5,1/22/2025,Dashen Bank,Google Play,0.4588,Positive
Fastest and easy to use,5,1/22/2025,Dashen Bank,Google Play,0.4404,Positive
·?µ·?ù ·?•·?ª ??è,2,1/21/2025,Dashen Bank,Google Play,0,Neutral
Exellent app with exellent banking system and exellent bank ever,5,1/21/2025,Dashen Bank,Google Play,0,Neutral
Amazing app to use as usual! But why option of transferring to Telebirr and M pesa which was available on Amole app is omitted?? Dasheen is my favourite keep it up.,4,1/20/2025,Dashen Bank,Google Play,0.4682,Positive
Needs some improvement,5,1/20/2025,Dashen Bank,Google Play,0.4588,Positive
Amazing super app,5,1/19/2025,Dashen Bank,Google Play,0.8271,Positive
I hope it will be better than amole,5,1/18/2025,Dashen Bank,Google Play,0.7003,Positive
Wly Super App ilove it ‚ù§Ô∏è ??ç ??? ???,5,1/18/2025,Dashen Bank,Google Play,0.9559,Positive
Dashen yichalal. Ewnetem one step a head,5,1/17/2025,Dashen Bank,Google Play,0,Neutral
It has a Good performance but need more upgrade for more performance like when we login account not be fast balance show other thing looking good. Carry on. Thanks so much for Greatest service,4,1/17/2025,Dashen Bank,Google Play,0.9662,Positive
It is a very wonderful work that has saved its time. That is why it is "Always one step ahead!",5,1/17/2025,Dashen Bank,Google Play,0.7955,Positive
‚??Life-changing!‚?ù I can‚??t imagine going back to traditional banking after using this app. It‚??s so convenient.,5,1/17/2025,Dashen Bank,Google Play,0,Neutral
Pro max,5,1/17/2025,Dashen Bank,Google Play,0,Neutral
The most good app and easy,5,1/16/2025,Dashen Bank,Google Play,0.7264,Positive
"Excellent and user friendly App. Excellence is what makes you always one step ahead. Dashen Bank, Always One Step Ahead !!",5,1/16/2025,Dashen Bank,Google Play,0.9115,Positive
Proud to be dashen family . Shout out to the serial entrepreneur ??è,5,1/16/2025,Dashen Bank,Google Play,0.4767,Positive
First ATM in East africa ‚≠êÔ∏è‚≠êÔ∏è‚≠êÔ∏è‚≠êÔ∏è‚≠êÔ∏è,5,1/16/2025,Dashen Bank,Google Play,0,Neutral
Best app.,5,1/16/2025,Dashen Bank,Google Play,0.6369,Positive
Better Move to catch the competition up??ç,5,1/16/2025,Dashen Bank,Google Play,0.4404,Positive
"Great job my home, my bank.",5,1/16/2025,Dashen Bank,Google Play,0.6249,Positive
Always one step ahead! What a masterpiece.,5,1/16/2025,Dashen Bank,Google Play,0.6588,Positive
Great App Well done Dashen Bank,5,1/15/2025,Dashen Bank,Google Play,0.7351,Positive
Great!,5,1/15/2025,Dashen Bank,Google Play,0.6588,Positive
"I love it but it has bugs during confirmation of password! So, please make it functional",5,1/15/2025,Dashen Bank,Google Play,0.7043,Positive
Always one step forward,5,1/15/2025,Dashen Bank,Google Play,0,Neutral
"It's great! But it will be advanced if you include a caption that allow customers to transfer to Telebirr account. Dashen Bank, ""·?©·?? ·?ç·??·ç° ·??·?∞ ·?µ·??·?? ·??·?≥·??·ç¢"" (Always one step ahead!)",4,1/15/2025,Dashen Bank,Google Play,0.7896,Positive
Small size with vast features and functionalities.,5,1/15/2025,Dashen Bank,Google Play,0,Neutral
Amazing app ??è ??? Dashen bank one step a head,5,1/15/2025,Dashen Bank,Google Play,0.873,Positive
"It has a great application features from the beginning. I'm glad to use it even I haven't used it yet because I haven't activated my account yet. But it's simple, comprehensive, full of information, and fast. ·?†·?≠·?± ·?≥·?∏·??·?Ω: The super app has impressed me more than I expected.",5,1/15/2025,Dashen Bank,Google Play,0.9387,Positive
Dashen Bank Always One Step Ahead!,5,1/15/2025,Dashen Bank,Google Play,0,Neutral
U can't create account,1,1/15/2025,Dashen Bank,Google Play,-0.2057,Negative
Really super app... so seamless and with a nice user interface .. we are proud of you dashen bank ...,5,1/15/2025,Dashen Bank,Google Play,0.8777,Positive
We will see it,2,1/15/2025,Dashen Bank,Google Play,0,Neutral
Always one step a head!,5,1/15/2025,Dashen Bank,Google Play,0,Neutral
"A lightweight,catchy and smooth app",5,1/15/2025,Dashen Bank,Google Play,0,Neutral
Very impressive interface with best security feature and user friendly app.,5,1/15/2025,Dashen Bank,Google Play,0.9245,Positive
It is so far so good it has a unique features than telebirr good job Dashen,5,1/15/2025,Dashen Bank,Google Play,0.7888,Positive
"Yea , it's a good idea to make it with the bank name, it will help for the bank easily to find the application, and customers can easily downloed and use the product. I wish all the best for Dashen bank initiative.",5,1/15/2025,Dashen Bank,Google Play,0.946,Positive
This is My Bank!,5,1/15/2025,Dashen Bank,Google Play,0,Neutral
"Truly, db => AlwaysOneStepAhead !!",5,1/14/2025,Dashen Bank,Google Play,0.5399,Positive
ALWAYS ONE STEP AHEAD,5,1/14/2025,Dashen Bank,Google Play,0,Neutral
Well developed,5,1/14/2025,Dashen Bank,Google Play,0.2732,Positive
oh nice!!! i wish it's very nice app,5,1/14/2025,Dashen Bank,Google Play,0.858,Positive
Really the app looks like amazing. I can't wait to activate in the morning.,5,1/14/2025,Dashen Bank,Google Play,0.743,Positive
Applause ??è Dashen Bank. One of the best super app inorder to pay easily and securely. One step a head.,5,1/14/2025,Dashen Bank,Google Play,0.936,Positive
Wow Dashen Super App ??????,5,1/14/2025,Dashen Bank,Google Play,0.8271,Positive
All in One,5,1/14/2025,Dashen Bank,Google Play,0,Neutral
The best Banking app I have ever seen,5,1/14/2025,Dashen Bank,Google Play,0.6369,Positive
It looks good and simple to use,5,1/14/2025,Dashen Bank,Google Play,0.4404,Positive
App That makes Difference!,5,1/14/2025,Dashen Bank,Google Play,0,Neutral
Faster and userfriendly,5,1/14/2025,Dashen Bank,Google Play,0,Neutral
"Waw Great and innovated,user friendly, always one step ahead",5,1/13/2025,Dashen Bank,Google Play,0.8074,Positive
It's Best waww ??è,5,1/13/2025,Dashen Bank,Google Play,0.6369,Positive
Always one step ahead,5,1/13/2025,Dashen Bank,Google Play,0,Neutral
"Like Me, I Hope It Works Better Than Before.",5,1/11/2025,Dashen Bank,Google Play,0.8074,Positive
